variant,seed,tasks,latency_ms,device_energy_j,accuracy,violation_rate,utilization,depletion,mean_reward
Full PPO,1000,120.0,206.41079320860348,0.3056224220328516,0.9350000000000004,0.0,0.023654488222386007,0.057304204131159886,-0.3711934355946751
Full PPO,1001,120.0,204.15902228413776,0.3014086904857218,0.9350000000000004,0.0,0.021202562462090478,0.05651412946607259,-0.37269126307757977
Full PPO,1002,120.0,211.44256482464155,0.30524303219924825,0.9350000000000004,0.0,0.023917069641083782,0.057233068537358656,-0.38036947936499005
Full PPO,1003,120.0,199.72899080570548,0.2910333337461844,0.9350000000000004,0.0,0.025479805428015173,0.054568750077409356,-0.3717272851527636
Full PPO,1004,120.0,203.16883663191513,0.2965947327480034,0.9350000000000004,0.0,0.021283270287946632,0.05561151239025097,-0.36473377283287
Full PPO,1005,120.0,207.31769894446188,0.3014035820308065,0.9350000000000004,0.0,0.01880828208024791,0.05651317163077607,-0.37065292351310425
Full PPO,1006,120.0,200.59107312445337,0.2969846602419687,0.9350000000000004,0.0,0.02010077466986478,0.05568462379536898,-0.3680412070794109
Full PPO,1007,120.0,207.64443972964403,0.3046015721414721,0.9350000000000004,0.0,0.021019078386392533,0.0571127947765262,-0.3731145021721856
Full PPO,1008,120.0,203.00546776408137,0.30347193486715246,0.9350000000000004,0.0,0.01920110572075634,0.056900987787591006,-0.3714478405526416
Full PPO,1009,120.0,204.6742390625397,0.3040853771746159,0.9350000000000004,0.0,0.021732954449457127,0.05701600822024089,-0.37444524560913656
Fixed weights,1000,120.0,201.88147508231168,0.3056224220328516,0.923,0.0,0.013730982099402747,0.057304204131159886,-0.4043296629001155
Fixed weights,1001,120.0,199.49114377986376,0.3014086904857218,0.923,0.0,0.012308345243425138,0.05651412946607259,-0.40568128377970586
Fixed weights,1002,120.0,206.11972126078362,0.30524303219924825,0.923,0.0,0.013877996914497731,0.057233068537358656,-0.4128278197110045
Fixed weights,1003,120.0,194.64213735952214,0.2910333337461844,0.923,0.0,0.014784602853695112,0.054568750077409356,-0.40431225635023677
Fixed weights,1004,120.0,198.50297158815147,0.2965947327480034,0.923,0.0,0.012348834930817081,0.05561151239025097,-0.3978363136918163
Fixed weights,1005,120.0,202.55366126769798,0.3014035820308065,0.923,0.0,0.010912328723499069,0.05651317163077607,-0.40368190356787537
Fixed weights,1006,120.0,195.92739663016175,0.2969846602419687,0.923,0.0,0.011662573409520672,0.05568462379536898,-0.401080605689168
Fixed weights,1007,120.0,202.87427864143143,0.3046015721414721,0.923,0.0,0.01219919827353403,0.0571127947765262,-0.4060695143288932
Fixed weights,1008,120.0,198.5524371170096,0.30347193486715246,0.923,0.0,0.01114093163432454,0.056900987787591006,-0.40453225721266434
Fixed weights,1009,120.0,200.30285615308506,0.3040853771746159,0.923,0.0,0.012611074000127865,0.05701600822024089,-0.4075729422575519
No partitioning,1000,120.0,206.41079320860348,0.3056224220328516,0.9350000000000004,0.0,0.023654488222386007,0.057304204131159886,-0.3711934355946751
No partitioning,1001,120.0,204.15902228413776,0.3014086904857218,0.9350000000000004,0.0,0.021202562462090478,0.05651412946607259,-0.37269126307757977
No partitioning,1002,120.0,211.44256482464155,0.30524303219924825,0.9350000000000004,0.0,0.023917069641083782,0.057233068537358656,-0.38036947936499005
No partitioning,1003,120.0,199.72899080570548,0.2910333337461844,0.9350000000000004,0.0,0.025479805428015173,0.054568750077409356,-0.3717272851527636
No partitioning,1004,120.0,203.16883663191513,0.2965947327480034,0.9350000000000004,0.0,0.021283270287946632,0.05561151239025097,-0.36473377283287
No partitioning,1005,120.0,207.31769894446188,0.3014035820308065,0.9350000000000004,0.0,0.01880828208024791,0.05651317163077607,-0.37065292351310425
No partitioning,1006,120.0,200.59107312445337,0.2969846602419687,0.9350000000000004,0.0,0.02010077466986478,0.05568462379536898,-0.3680412070794109
No partitioning,1007,120.0,207.64443972964403,0.3046015721414721,0.9350000000000004,0.0,0.021019078386392533,0.0571127947765262,-0.3731145021721856
No partitioning,1008,120.0,203.00546776408137,0.30347193486715246,0.9350000000000004,0.0,0.01920110572075634,0.056900987787591006,-0.3714478405526416
No partitioning,1009,120.0,204.6742390625397,0.3040853771746159,0.9350000000000004,0.0,0.021732954449457127,0.05701600822024089,-0.37444524560913656
No quantization,1000,120.0,206.41079320860348,0.3056224220328516,0.9350000000000004,0.0,0.023654488222386007,0.057304204131159886,-0.3711934355946751
No quantization,1001,120.0,204.15902228413776,0.3014086904857218,0.9350000000000004,0.0,0.021202562462090478,0.05651412946607259,-0.37269126307757977
No quantization,1002,120.0,211.44256482464155,0.30524303219924825,0.9350000000000004,0.0,0.023917069641083782,0.057233068537358656,-0.38036947936499005
No quantization,1003,120.0,199.72899080570548,0.2910333337461844,0.9350000000000004,0.0,0.025479805428015173,0.054568750077409356,-0.3717272851527636
No quantization,1004,120.0,203.16883663191513,0.2965947327480034,0.9350000000000004,0.0,0.021283270287946632,0.05561151239025097,-0.36473377283287
No quantization,1005,120.0,207.31769894446188,0.3014035820308065,0.9350000000000004,0.0,0.01880828208024791,0.05651317163077607,-0.37065292351310425
No quantization,1006,120.0,200.59107312445337,0.2969846602419687,0.9350000000000004,0.0,0.02010077466986478,0.05568462379536898,-0.3680412070794109
No quantization,1007,120.0,207.64443972964403,0.3046015721414721,0.9350000000000004,0.0,0.021019078386392533,0.0571127947765262,-0.3731145021721856
No quantization,1008,120.0,203.00546776408137,0.30347193486715246,0.9350000000000004,0.0,0.01920110572075634,0.056900987787591006,-0.3714478405526416
No quantization,1009,120.0,204.6742390625397,0.3040853771746159,0.9350000000000004,0.0,0.021732954449457127,0.05701600822024089,-0.37444524560913656
