training_rep,training_seed,episode,scenario,loss,tasks,latency_ms,device_energy_j,retention,violation_rate,drop_rate,mean_reward,depletion,validation_reward
1,223,1,normal,,707.0,161.49072691444067,0.20404881988335064,0.9332008486562944,0.12022630834512023,0.0,-0.5901000382778775,0.3005469076198517,
1,223,2,burst,0.15614203536751295,1084.0,202.02759599628666,0.21317337578717588,0.93319926199262,0.2564575645756458,0.0,-0.8505395526993,0.4814165403193721,
1,223,3,fluctuation,0.10001178355697467,783.0,176.78521430999697,0.22257320394397848,0.9331762452107282,0.19284802043422733,0.0,-0.7143246023841858,0.3630725389336148,
1,223,4,energy,0.088445339656887,682.0,168.9214494726842,0.16128859175713636,0.933228758169935,0.18181818181818182,0.10263929618768329,-1.0825113853508934,0.9305473581831043,-0.9910249537520776
1,223,5,normal,0.14755120278237252,717.0,163.88810911245355,0.20350370524528383,0.9332649930264993,0.11157601115760112,0.0,-0.5861764178884277,0.3039836597101425,
1,223,6,burst,0.14359449493997503,1060.0,180.70723360041694,0.20546139397361296,0.9333094339622643,0.18396226415094338,0.0,-0.7176857045191718,0.453727245025062,
1,223,7,fluctuation,0.14344663952273884,698.0,162.6043803540602,0.21687947526431467,0.9334068767908311,0.14183381088825214,0.0,-0.6176977848087365,0.31537890361352416,
1,223,8,energy,0.1540785128461946,773.0,199.8750690627051,0.15481890015637664,0.9334302134646963,0.2729624838292367,0.21216041397153945,-1.622264879355145,0.9977431237561052,-0.7644592431068331
1,223,9,energy,0.20031155157153324,744.0,185.290208259609,0.15793634669578288,0.9332829888712243,0.22983870967741934,0.15456989247311828,-1.3643274553287372,0.9822184715894487,
1,223,10,energy,0.21470266634391413,722.0,197.06383199109482,0.15994284080295848,0.9333061224489798,0.26869806094182824,0.18559556786703602,-1.5148110936634136,0.9686022990259445,
1,223,11,burst,0.23220701748004524,1115.0,179.63306683252526,0.21583592326156112,0.9335434977578476,0.19551569506726457,0.0,-0.7395452355570737,0.5013688634096678,
1,223,12,energy,0.22375891177156537,778.0,189.829073263644,0.1475271406525038,0.9335548780487806,0.2365038560411311,0.15681233933161953,-1.351091008865433,0.9637230238031109,-0.4895243927810185
1,223,13,fluctuation,0.262864285859011,705.0,169.2361957390325,0.251564450553026,0.9335872340425533,0.18156028368794327,0.0,-0.7051178162688989,0.3694852867497572,
1,223,14,energy,0.2640579398316534,736.0,175.69981580210666,0.14616020002732358,0.9336341463414637,0.18614130434782608,0.10869565217391304,-1.0993013078941583,0.9101108522698731,
1,223,15,fluctuation,0.28158916252971494,596.0,152.40526995375689,0.22200401675813766,0.933557046979866,0.11241610738255034,0.0,-0.5670734395904534,0.2756549874746881,
1,223,16,energy,0.2826674251137553,743.0,174.31642434432325,0.15103176265581986,0.9335266362252665,0.20053835800807537,0.11574697173620457,-1.135282906007472,0.9421128132653409,-0.5872584834482534
1,223,17,fluctuation,0.2966304565356536,701.0,166.64222460282312,0.25569638395364286,0.933670470756063,0.15121255349500715,0.0,-0.6600791267526992,0.3734232607322989,
1,223,18,burst,0.2869116644219202,1028.0,163.53086935268783,0.2034483010594025,0.9334708171206227,0.12062256809338522,0.0,-0.6099063773414191,0.43571844476888677,
1,223,19,energy,0.28743051418236326,759.0,176.2209703667286,0.1474983614553573,0.9334270986745213,0.19367588932806323,0.10540184453227931,-1.098741812121962,0.9400894659716615,
1,223,20,energy,0.29731696477678954,730.0,195.67127716403579,0.15398482872405164,0.9336911519198665,0.2602739726027397,0.17945205479452056,-1.469602811312966,0.9460391712822229,-0.4885844074967149
1,223,21,energy,0.3085152796034277,677.0,141.80597792094449,0.15319404856558527,0.9335913818722141,0.06942392909896603,0.005908419497784343,-0.5610706787802692,0.8686627430181928,
1,223,22,burst,0.3178549668759354,968.0,155.04713575458456,0.21110000456948055,0.9333801652892564,0.09710743801652892,0.0,-0.5643587741296184,0.4257183425484524,
1,223,23,fluctuation,0.32428446260549254,706.0,157.145539748365,0.2518886224468903,0.9336118980169973,0.10906515580736544,0.0,-0.5883660511359461,0.370486182182301,
1,223,24,normal,0.3146100133163494,724.0,147.0525870436064,0.18777012646852004,0.933011049723757,0.06767955801104972,0.0,-0.5005506976829804,0.2832199407566841,-0.4858702724671757
1,223,25,burst,0.31293409491001173,1035.0,148.6542255591063,0.18739472907364116,0.9334618357487925,0.09082125603864734,0.0,-0.5353792275422968,0.404069884565039,
1,223,26,burst,0.3150753478209178,1054.0,142.79229901624134,0.1786038008160671,0.9334212523719168,0.07685009487666034,0.0,-0.5045597199429421,0.39218417929194727,
1,223,27,normal,0.31061040962575587,745.0,139.81315617594854,0.17959190107043446,0.9332926174496646,0.052348993288590606,0.0,-0.4656311863864985,0.2787415964530704,
1,223,28,burst,0.29926381370165206,1192.0,156.73486647741078,0.1919070214887947,0.9336006711409397,0.1115771812080537,0.0,-0.5842316650621514,0.4765691033638403,-0.4726759784543206
1,223,29,normal,0.2976834196164164,689.0,136.12724874268872,0.1847016375470606,0.9331074020319305,0.05224963715529753,0.0,-0.4690453520733248,0.26512380889567644,
1,223,30,normal,0.2983911388807676,701.0,137.8233401210723,0.1565706827114446,0.9331797432239659,0.0442225392296719,0.0,-0.43821888740807985,0.22865843454317214,
1,223,31,normal,0.3041472288981155,798.0,137.18214639244874,0.18408571676455027,0.9334561403508773,0.06140350877192982,0.0,-0.47231657776001956,0.3060425041210645,
1,223,32,energy,0.27450075916238337,714.0,150.39151643056843,0.14977936283829615,0.9335974754558206,0.0700280112044818,0.0014005602240896359,-0.562838481757266,0.9005467889922643,-0.5717053986341809
