scenario,comparator,metric,n_pairs,mean_difference_ppo_minus_comparator,ci95_low,ci95_high,rank_biserial,statistic,p_value,testable,p_holm_global
normal,Local-only,latency_ms,20,-34.6594931049251,-37.16257683870675,-32.23552267321738,-1.0,0.0,1.9073486328125e-06,True,0.00016021728515625
normal,Local-only,device_energy_j,20,-0.37514557499524026,-0.3776005727549632,-0.3728760227545114,-1.0,0.0,1.9073486328125e-06,True,0.00016021728515625
normal,Local-only,violation_rate,20,-0.13030563104562556,-0.13960059558632582,-0.12120460075809253,-1.0,0.0,1.9073486328125e-06,True,0.00016021728515625
normal,Edge-only,latency_ms,20,-21.152096845547778,-21.591429867140903,-20.62430840479747,-1.0,0.0,1.9073486328125e-06,True,0.00016021728515625
normal,Edge-only,device_energy_j,20,0.04152781268285806,0.04081526376542097,0.04215276527057588,1.0,0.0,1.9073486328125e-06,True,0.00016021728515625
normal,Edge-only,violation_rate,20,-0.05006976922492189,-0.053997567027058414,-0.045892795832803625,-1.0,0.0,1.9073486328125e-06,True,0.00016021728515625
normal,Cloud-only,latency_ms,20,-42.066690888003734,-42.92367689390801,-41.11211587773906,-1.0,0.0,1.9073486328125e-06,True,0.00016021728515625
normal,Cloud-only,device_energy_j,20,0.02264528485824316,0.02187397704634643,0.023401283449704685,1.0,0.0,1.9073486328125e-06,True,0.00016021728515625
normal,Cloud-only,violation_rate,20,-0.11599075032912545,-0.12198800983103679,-0.10983685628313673,-1.0,0.0,1.9073486328125e-06,True,0.00016021728515625
normal,Static-rule,latency_ms,20,-32.49961733252702,-34.7442641937413,-30.17024715351134,-1.0,0.0,1.9073486328125e-06,True,0.00016021728515625
normal,Static-rule,device_energy_j,20,-0.06682649536447771,-0.06827138586505926,-0.06542054349248398,-1.0,0.0,1.9073486328125e-06,True,0.00016021728515625
normal,Static-rule,violation_rate,20,-0.1130571967424008,-0.12316959753609473,-0.10334007505422627,-1.0,0.0,1.9073486328125e-06,True,0.00016021728515625
normal,Greedy-myopic,latency_ms,20,1.3195938951004493,1.10743707015298,1.5174954238191958,1.0,0.0,1.9073486328125e-06,True,0.00016021728515625
normal,Greedy-myopic,device_energy_j,20,0.017850213171800595,0.017271494166950636,0.018436308204471383,1.0,0.0,1.9073486328125e-06,True,0.00016021728515625
normal,Greedy-myopic,violation_rate,20,0.010498598267032646,0.008821668981184881,0.012328538219826986,1.0,0.0,1.9073486328125e-06,True,0.00016021728515625
normal,Best-constant,latency_ms,20,-42.066690888003734,-42.92948863944265,-41.09971004589465,-1.0,0.0,1.9073486328125e-06,True,0.00016021728515625
normal,Best-constant,device_energy_j,20,0.02264528485824316,0.02183673728869143,0.023381531402084953,1.0,0.0,1.9073486328125e-06,True,0.00016021728515625
normal,Best-constant,violation_rate,20,-0.11599075032912545,-0.12172317836598673,-0.1096947681262581,-1.0,0.0,1.9073486328125e-06,True,0.00016021728515625
normal,DQN,latency_ms,20,-1.809763130310813,-2.0141620095382873,-1.605356044024784,-1.0,0.0,1.9073486328125e-06,True,0.00016021728515625
normal,DQN,device_energy_j,20,-0.015345444610642005,-0.01650960125236799,-0.014348188274318854,-1.0,0.0,1.9073486328125e-06,True,0.00016021728515625
normal,DQN,violation_rate,20,0.0022621317852607498,0.0008123581594903995,0.0037718522666521158,0.6571428571428571,36.0,0.009989902455487807,True,0.026710155347644156
burst,Local-only,latency_ms,20,-1732.5019288866556,-1816.4728447389505,-1653.560381980514,-1.0,0.0,1.9073486328125e-06,True,0.00016021728515625
burst,Local-only,device_energy_j,20,-0.2830726491658841,-0.2873995353893165,-0.27869276250893665,-1.0,0.0,1.9073486328125e-06,True,0.00016021728515625
burst,Local-only,violation_rate,20,-0.7934553485451835,-0.8016273575553572,-0.7851790423397684,-1.0,0.0,1.9073486328125e-06,True,0.00016021728515625
burst,Edge-only,latency_ms,20,-289.414494213124,-324.1597121377807,-254.72454920784455,-1.0,0.0,1.9073486328125e-06,True,0.00016021728515625
burst,Edge-only,device_energy_j,20,0.05014558869773815,0.04957751457198549,0.05067263604055716,1.0,0.0,1.9073486328125e-06,True,0.00016021728515625
burst,Edge-only,violation_rate,20,-0.5679792037431193,-0.5979178815666701,-0.5388317906339637,-1.0,0.0,1.9073486328125e-06,True,0.00016021728515625
burst,Cloud-only,latency_ms,20,-1075.9011423797422,-1151.5747684228172,-998.8858172059471,-1.0,0.0,1.9073486328125e-06,True,0.00016021728515625
burst,Cloud-only,device_energy_j,20,0.03136653221920614,0.030838466891556608,0.031910551585429235,1.0,0.0,1.9073486328125e-06,True,0.00016021728515625
burst,Cloud-only,violation_rate,20,-0.7458142800594453,-0.7547595558046087,-0.735991871894224,-1.0,0.0,1.9073486328125e-06,True,0.00016021728515625
burst,Static-rule,latency_ms,20,-2823.1503292703756,-2943.8499766035898,-2701.4316612237335,-1.0,0.0,1.9073486328125e-06,True,0.00016021728515625
burst,Static-rule,device_energy_j,20,-0.05832971196166932,-0.059178006662870736,-0.05752208449808989,-1.0,0.0,1.9073486328125e-06,True,0.00016021728515625
burst,Static-rule,violation_rate,20,-0.8270075705125833,-0.8345807179207498,-0.8195068977342728,-1.0,0.0,1.9073486328125e-06,True,0.00016021728515625
burst,Greedy-myopic,latency_ms,20,5.460031412791312,5.224542408416621,5.722572127213925,1.0,0.0,1.9073486328125e-06,True,0.00016021728515625
burst,Greedy-myopic,device_energy_j,20,0.02083587924474528,0.020095011152654024,0.02153801796880032,1.0,0.0,1.9073486328125e-06,True,0.00016021728515625
burst,Greedy-myopic,violation_rate,20,0.025850397727728958,0.024456441380796903,0.0271776108062668,1.0,0.0,1.9073486328125e-06,True,0.00016021728515625
burst,Best-constant,latency_ms,20,-1075.9011423797422,-1150.251914319768,-1003.6247391570912,-1.0,0.0,1.9073486328125e-06,True,0.00016021728515625
burst,Best-constant,device_energy_j,20,0.03136653221920614,0.03080565983586187,0.03189941808682003,1.0,0.0,1.9073486328125e-06,True,0.00016021728515625
burst,Best-constant,violation_rate,20,-0.7458142800594453,-0.7547913416288535,-0.7355499657227959,-1.0,0.0,1.9073486328125e-06,True,0.00016021728515625
burst,DQN,latency_ms,20,0.929105853449343,0.5578574410711776,1.278047619632908,0.8857142857142857,12.0,0.000133514404296875,True,0.000667572021484375
burst,DQN,device_energy_j,20,-0.007782352490882502,-0.008430578000621752,-0.007193446687648418,-1.0,0.0,1.9073486328125e-06,True,0.00016021728515625
burst,DQN,violation_rate,20,0.0027388086448991242,0.001042020712673019,0.004403627654652393,0.6842105263157895,30.0,0.008903385115881386,True,0.026710155347644156
fluctuation,Local-only,latency_ms,20,-33.84906771740621,-36.454274607596375,-31.174450550714617,-1.0,0.0,1.9073486328125e-06,True,0.00016021728515625
fluctuation,Local-only,device_energy_j,20,-0.33859943256372704,-0.34096003804142416,-0.3363188862417119,-1.0,0.0,1.9073486328125e-06,True,0.00016021728515625
fluctuation,Local-only,violation_rate,20,-0.11962943748875432,-0.12914276604156272,-0.11017806869566339,-1.0,0.0,1.9073486328125e-06,True,0.00016021728515625
fluctuation,Edge-only,latency_ms,20,-35.973130965511416,-36.70955438475815,-35.19556904741444,-1.0,0.0,1.9073486328125e-06,True,0.00016021728515625
fluctuation,Edge-only,device_energy_j,20,0.060607682052276214,0.058994299802585914,0.06220422016271148,1.0,0.0,1.9073486328125e-06,True,0.00016021728515625
fluctuation,Edge-only,violation_rate,20,-0.11671736486616457,-0.12115725442950633,-0.11218701253076199,-1.0,0.0,1.9073486328125e-06,True,0.00016021728515625
fluctuation,Cloud-only,latency_ms,20,-80.87955237133728,-82.52636545967017,-79.20502996465915,-1.0,0.0,1.9073486328125e-06,True,0.00016021728515625
fluctuation,Cloud-only,device_energy_j,20,0.021468060985866306,0.020133901528502487,0.022808240493584292,1.0,0.0,1.9073486328125e-06,True,0.00016021728515625
fluctuation,Cloud-only,violation_rate,20,-0.3213788521395965,-0.3272456761447198,-0.3151348065014154,-1.0,0.0,1.9073486328125e-06,True,0.00016021728515625
fluctuation,Static-rule,latency_ms,20,-13.947496035187632,-15.778913558298926,-12.105202917569123,-1.0,0.0,1.9073486328125e-06,True,0.00016021728515625
fluctuation,Static-rule,device_energy_j,20,-0.10232620229514014,-0.10402037493367948,-0.10060541889655615,-1.0,0.0,1.9073486328125e-06,True,0.00016021728515625
fluctuation,Static-rule,violation_rate,20,-0.06087813337135126,-0.06790474790903099,-0.05376556851639644,-1.0,0.0,1.9073486328125e-06,True,0.00016021728515625
fluctuation,Greedy-myopic,latency_ms,20,2.5892946007926483,2.382078800406076,2.780336186582024,1.0,0.0,1.9073486328125e-06,True,0.00016021728515625
fluctuation,Greedy-myopic,device_energy_j,20,0.015152439475227935,0.01388477921541678,0.016503387184925715,1.0,0.0,1.9073486328125e-06,True,0.00016021728515625
fluctuation,Greedy-myopic,violation_rate,20,0.01312871307291381,0.010830246572110043,0.015700266138735142,1.0,0.0,1.9073486328125e-06,True,0.00016021728515625
fluctuation,Best-constant,latency_ms,20,-42.45676951049624,-45.307676858843294,-39.5516146383637,-1.0,0.0,1.9073486328125e-06,True,0.00016021728515625
fluctuation,Best-constant,device_energy_j,20,-0.03861615755982557,-0.04064949820907806,-0.03677415922009461,-1.0,0.0,1.9073486328125e-06,True,0.00016021728515625
fluctuation,Best-constant,violation_rate,20,-0.14048796837737748,-0.15168694400978433,-0.1297425151287719,-1.0,0.0,1.9073486328125e-06,True,0.00016021728515625
fluctuation,DQN,latency_ms,20,-3.751629285117923,-3.924786072422126,-3.5658965158613007,-1.0,0.0,1.9073486328125e-06,True,0.00016021728515625
fluctuation,DQN,device_energy_j,20,-0.010471495324136272,-0.011649759001256157,-0.00934075633010214,-1.0,0.0,1.9073486328125e-06,True,0.00016021728515625
fluctuation,DQN,violation_rate,20,-0.0032469445877799943,-0.004744427152484418,-0.0015143152296834533,-0.7578947368421053,23.0,0.0037622518256999957,True,0.015049007302799983
energy,Local-only,latency_ms,20,-166.1003616233013,-168.77670036453793,-163.57541964657494,-1.0,0.0,1.9073486328125e-06,True,0.00016021728515625
energy,Local-only,device_energy_j,20,-0.04840910962057258,-0.051767247133149036,-0.045379096887142756,-1.0,0.0,1.9073486328125e-06,True,0.00016021728515625
energy,Local-only,violation_rate,20,-0.6722330777462673,-0.6802583855641868,-0.6641446809850423,-1.0,0.0,1.9073486328125e-06,True,0.00016021728515625
energy,Edge-only,latency_ms,20,-17.74627948399857,-18.15270570638201,-17.290355853811498,-1.0,0.0,1.9073486328125e-06,True,0.00016021728515625
energy,Edge-only,device_energy_j,20,0.023372465123677518,0.022890680041185666,0.023887375964191923,1.0,0.0,1.9073486328125e-06,True,0.00016021728515625
energy,Edge-only,violation_rate,20,-0.04383573389269491,-0.04664486095300053,-0.04084388367227849,-1.0,0.0,1.9073486328125e-06,True,0.00016021728515625
energy,Cloud-only,latency_ms,20,-38.51521574178812,-39.347304157517215,-37.66244974949705,-1.0,0.0,1.9073486328125e-06,True,0.00016021728515625
energy,Cloud-only,device_energy_j,20,0.0044542239868018505,0.003922214585150497,0.0050427977992993705,1.0,0.0,1.9073486328125e-06,True,0.00016021728515625
energy,Cloud-only,violation_rate,20,-0.11037590387016442,-0.1162799623295975,-0.10405596464141197,-1.0,0.0,1.9073486328125e-06,True,0.00016021728515625
energy,Static-rule,latency_ms,20,-108.1441183029061,-139.52792591700148,-83.13760696467907,-1.0,0.0,1.9073486328125e-06,True,0.00016021728515625
energy,Static-rule,device_energy_j,20,-0.037923451959749235,-0.04003888959913516,-0.03593951141135863,-1.0,0.0,1.9073486328125e-06,True,0.00016021728515625
energy,Static-rule,violation_rate,20,-0.29282130409910506,-0.32401328551740183,-0.2611603916397674,-1.0,0.0,1.9073486328125e-06,True,0.00016021728515625
energy,Greedy-myopic,latency_ms,20,1.6621444514666721,1.4844679965047811,1.8392860037197751,1.0,0.0,1.9073486328125e-06,True,0.00016021728515625
energy,Greedy-myopic,device_energy_j,20,0.008378898787060284,0.007714061434047627,0.009077501384065144,1.0,0.0,1.9073486328125e-06,True,0.00016021728515625
energy,Greedy-myopic,violation_rate,20,0.014040888665440116,0.012148643209113293,0.016057624438135316,1.0,0.0,1.9073486328125e-06,True,0.00016021728515625
energy,Best-constant,latency_ms,20,-38.51521574178812,-39.33500779630837,-37.62865837501343,-1.0,0.0,1.9073486328125e-06,True,0.00016021728515625
energy,Best-constant,device_energy_j,20,0.0044542239868018505,0.0039076494779889245,0.005036234613753639,1.0,0.0,1.9073486328125e-06,True,0.00016021728515625
energy,Best-constant,violation_rate,20,-0.11037590387016442,-0.11645606710822307,-0.10415948220758915,-1.0,0.0,1.9073486328125e-06,True,0.00016021728515625
energy,DQN,latency_ms,20,-4.435600078906998,-4.757748892352677,-4.08707857991387,-1.0,0.0,1.9073486328125e-06,True,0.00016021728515625
energy,DQN,device_energy_j,20,-0.010575515572213676,-0.011152763748508052,-0.010116318658534419,-1.0,0.0,1.9073486328125e-06,True,0.00016021728515625
energy,DQN,violation_rate,20,0.001056002383612584,-0.0008220013917891353,0.0029564668869677463,0.29523809523809524,74.0,0.26109886169433594,True,0.26109886169433594
