scenario,baseline,metric,statistic,p_value,p_holm
normal,Local-only,latency_ms,0.0,0.001953125,0.0234375
normal,Local-only,device_energy_j,0.0,0.001953125,0.0234375
normal,Local-only,violation_rate,0.0,0.001953125,0.0234375
burst,Local-only,latency_ms,0.0,0.001953125,0.0234375
burst,Local-only,device_energy_j,0.0,0.001953125,0.0234375
burst,Local-only,violation_rate,0.0,0.001953125,0.0234375
fluctuation,Local-only,latency_ms,0.0,0.001953125,0.0234375
fluctuation,Local-only,device_energy_j,0.0,0.001953125,0.0234375
fluctuation,Local-only,violation_rate,0.0,0.001953125,0.0234375
energy_constrained,Local-only,latency_ms,0.0,0.001953125,0.0234375
energy_constrained,Local-only,device_energy_j,0.0,0.001953125,0.0234375
energy_constrained,Local-only,violation_rate,0.0,0.001953125,0.0234375
normal,Edge-only,latency_ms,0.0,0.001953125,0.0234375
normal,Edge-only,device_energy_j,0.0,0.001953125,0.0234375
normal,Edge-only,violation_rate,10.5,0.125,0.3515625
burst,Edge-only,latency_ms,0.0,0.001953125,0.0234375
burst,Edge-only,device_energy_j,0.0,0.001953125,0.0234375
burst,Edge-only,violation_rate,0.0,0.001953125,0.0234375
fluctuation,Edge-only,latency_ms,23.0,0.6953125,0.6953125
fluctuation,Edge-only,device_energy_j,0.0,0.001953125,0.0234375
fluctuation,Edge-only,violation_rate,11.5,0.1171875,0.3515625
energy_constrained,Edge-only,latency_ms,0.0,0.001953125,0.0234375
energy_constrained,Edge-only,device_energy_j,0.0,0.001953125,0.0234375
energy_constrained,Edge-only,violation_rate,5.0,0.03125,0.125
normal,Cloud-only,latency_ms,27.5,1.0,1.0
normal,Cloud-only,device_energy_j,27.5,1.0,1.0
normal,Cloud-only,violation_rate,27.5,1.0,1.0
burst,Cloud-only,latency_ms,0.0,0.001953125,0.0234375
burst,Cloud-only,device_energy_j,27.5,1.0,1.0
burst,Cloud-only,violation_rate,27.5,1.0,1.0
fluctuation,Cloud-only,latency_ms,16.0,0.275390625,1.0
fluctuation,Cloud-only,device_energy_j,26.0,0.921875,1.0
fluctuation,Cloud-only,violation_rate,22.0,0.59375,1.0
energy_constrained,Cloud-only,latency_ms,0.0,0.001953125,0.0234375
energy_constrained,Cloud-only,device_energy_j,0.0,0.001953125,0.0234375
energy_constrained,Cloud-only,violation_rate,27.5,1.0,1.0
normal,Static,latency_ms,0.0,0.001953125,0.0234375
normal,Static,device_energy_j,0.0,0.001953125,0.0234375
normal,Static,violation_rate,1.5,0.0078125,0.0234375
burst,Static,latency_ms,0.0,0.001953125,0.0234375
burst,Static,device_energy_j,0.0,0.001953125,0.0234375
burst,Static,violation_rate,0.0,0.001953125,0.0234375
fluctuation,Static,latency_ms,0.0,0.001953125,0.0234375
fluctuation,Static,device_energy_j,0.0,0.001953125,0.0234375
fluctuation,Static,violation_rate,0.0,0.001953125,0.0234375
energy_constrained,Static,latency_ms,0.0,0.001953125,0.0234375
energy_constrained,Static,device_energy_j,0.0,0.001953125,0.0234375
energy_constrained,Static,violation_rate,0.0,0.001953125,0.0234375
normal,Heuristic,latency_ms,0.0,0.001953125,0.0234375
normal,Heuristic,device_energy_j,0.0,0.001953125,0.0234375
normal,Heuristic,violation_rate,27.5,1.0,1.0
burst,Heuristic,latency_ms,0.0,0.001953125,0.0234375
burst,Heuristic,device_energy_j,0.0,0.001953125,0.0234375
burst,Heuristic,violation_rate,27.5,1.0,1.0
fluctuation,Heuristic,latency_ms,0.0,0.001953125,0.0234375
fluctuation,Heuristic,device_energy_j,0.0,0.001953125,0.0234375
fluctuation,Heuristic,violation_rate,0.0,0.001953125,0.0234375
energy_constrained,Heuristic,latency_ms,0.0,0.001953125,0.0234375
energy_constrained,Heuristic,device_energy_j,0.0,0.001953125,0.0234375
energy_constrained,Heuristic,violation_rate,27.5,1.0,1.0
