training_rep,training_seed,epoch,loss,accuracy
2,242,1,1.6901337919355948,0.38415
2,242,2,1.4505186277099802,0.4325
2,242,3,1.192853435685363,0.54855
2,242,4,1.010722652266297,0.6249
2,242,5,0.9237114689018153,0.6564
2,242,6,0.8807423944714703,0.66595
2,242,7,0.8534198931500881,0.67165
2,242,8,0.83987802795217,0.6744
2,242,9,0.8220599708677847,0.6821
2,242,10,0.8074331238299985,0.68455
2,242,11,0.7931082241142853,0.68765
2,242,12,0.7834437557413608,0.6927
2,242,13,0.7764691665202756,0.6931
2,242,14,0.7727513373652591,0.6937
2,242,15,0.7640951524806928,0.6976
2,242,16,0.7615995346745358,0.70025
2,242,17,0.7555290898190269,0.69875
2,242,18,0.753883949563473,0.70205
2,242,19,0.7452890872955322,0.7035
2,242,20,0.7439097369773479,0.70645
