training_rep,training_seed,episode,scenario,rollout_entropy,tasks,latency_ms,device_energy_j,retention,violation_rate,drop_rate,mean_reward,depletion,loss,update_entropy,validation_reward,validation_entropy
0,42,1,normal,0.8792409053318164,788.0,132.298874584324,0.135722665747579,0.93405076142132,0.044416243654822336,0.0,-0.41564467818756057,0.22281137626894187,22.707359313964844,0.9265556335449219,,
0,42,2,burst,0.944524756599707,1043.0,144.70925856647395,0.13891526549956534,0.934014381591563,0.058485139022051776,0.0,-0.4589499741071298,0.3018512956584307,29.31155776977539,0.9665898680686951,,
0,42,3,fluctuation,0.7619048576534215,779.0,136.28502244864984,0.17365491769407218,0.9338189987163031,0.05391527599486521,0.0,-0.4490506402504936,0.2818274601743378,30.320884704589844,0.8509632349014282,,
0,42,4,energy,0.8355250459320531,835.0,134.48952830700154,0.11334773095732824,0.9339413173652696,0.037125748502994015,0.0,-0.44218296114231076,0.8077906268432444,25.7108154296875,0.8776659965515137,-0.42728199675454365,0.876168361788489
0,42,5,normal,0.8540898904906399,658.0,137.79274426868122,0.14171069303839415,0.9334012158054713,0.05167173252279635,0.0,-0.43858186095135543,0.19426174170679877,25.133548736572266,0.8502073884010315,,
0,42,6,burst,0.9415235471301615,1009.0,146.51324788258793,0.15293613066484535,0.9335014866204164,0.07135777998017839,0.0,-0.49068126858060224,0.3214844913350603,31.914743423461914,0.9255706071853638,,
0,42,7,fluctuation,0.788427803842907,787.0,133.71830283566408,0.16358062318784278,0.9335311308767472,0.05590851334180432,0.0,-0.44854000206267625,0.26820406343506764,26.159488677978516,0.9024508595466614,,
0,42,8,energy,0.7736806882968431,678.0,136.60256867887404,0.12661921297704098,0.9334778761061949,0.038348082595870206,0.0,-0.457317217778064,0.7279616455303504,28.5393009185791,0.750311017036438,-0.45023188874390324,0.8556042911433932
0,42,9,burst,0.9458341183875438,1136.0,142.62393629188827,0.1366302547493595,0.9332640845070423,0.06866197183098592,0.0,-0.47690728820693495,0.323358269573484,30.61333465576172,0.9347130656242371,,
0,42,10,normal,0.8092432789796707,714.0,140.7999521066909,0.14709700804125792,0.9328991596638657,0.05042016806722689,0.0,-0.451682909049132,0.21880679946137116,24.79642677307129,0.7731469869613647,,
0,42,11,energy,0.7862073466456948,731.0,152.24289839570972,0.13241734830777002,0.9333840682788053,0.09165526675786594,0.038303693570451436,-0.6864745181934385,0.8263169469021692,95.95574951171875,0.7541869282722473,,
0,42,12,normal,0.7889322914111956,785.0,133.2007488741332,0.15576432764927647,0.932875159235669,0.049681528662420385,0.0,-0.43904181172290463,0.25473957750975407,22.16133689880371,0.6667349338531494,-0.4987661172792338,0.8261623512287611
0,42,13,burst,0.8884550506263075,1064.0,159.25561490078564,0.15561852661008777,0.9329323308270677,0.11090225563909774,0.0,-0.5655772893036363,0.3449544006523608,51.25543212890625,0.838963508605957,,
0,42,14,fluctuation,0.7712440366482551,779.0,139.27934703126883,0.15881082971779598,0.9329460847240054,0.059050064184852376,0.0,-0.4616345488096067,0.25773674239617317,23.950252532958984,0.7684308886528015,,
0,42,15,normal,0.7463903711381012,709.0,146.6345571031919,0.14447943352460726,0.9326812411847674,0.07052186177715092,0.0,-0.48735937442903243,0.21340816326863887,29.25487518310547,0.7491713166236877,,
0,42,16,normal,0.7744744797351413,734.0,141.88353651308316,0.15783808577512773,0.9324332425068123,0.04632152588555858,0.0,-0.4578446092376553,0.24136073949779968,25.72600746154785,0.723193347454071,-0.5606864366475214,0.8065282289342759
0,42,17,energy,0.734518720235602,659.0,149.1555036790909,0.14439707927824894,0.9328330708661418,0.09711684370257967,0.036418816388467376,-0.6924784977857378,0.8116620344374581,85.49433135986328,0.7349781394004822,,
0,42,18,energy,0.7158472907063392,646.0,141.14777038039057,0.14202501842271278,0.9327261146496815,0.07894736842105263,0.02786377708978328,-0.6268883278052757,0.7819102961119504,59.97159194946289,0.7326631546020508,,
0,42,19,energy,0.7444818626481591,705.0,155.3679870124973,0.1400526935974171,0.9327650429799429,0.10354609929078014,0.009929078014184398,-0.6371475908989891,0.845493153304476,55.80134963989258,0.7622743844985962,,
0,42,20,fluctuation,0.760894167142642,770.0,143.85908403628923,0.16971046091941885,0.9325012987012988,0.08051948051948052,0.0,-0.5058832955362708,0.2722438643915678,33.04890823364258,1.0200257301330566,-0.6109521643301612,0.8071423084972391
0,42,21,burst,0.8747535517170394,1157.0,189.929080670437,0.16240955099373017,0.9324866032843563,0.23422644770959378,0.0,-0.770726095372193,0.3914746885411373,80.91255187988281,0.9066727757453918,,
0,42,22,fluctuation,0.732383291320708,668.0,138.0118072504239,0.15876254721325425,0.9325568862275451,0.05538922155688623,0.0,-0.4597009629707083,0.22094454487177828,24.11760902404785,0.7622920274734497,,
0,42,23,burst,0.8500685348842327,979.0,186.49553071956257,0.15597675556628804,0.9322870275791627,0.21450459652706844,0.0,-0.7399536364285566,0.3181275910404082,88.47821044921875,0.8571322560310364,,
0,42,24,normal,0.7770681763923019,795.0,152.70581735473337,0.17913095461016498,0.9322176100628933,0.0779874213836478,0.0,-0.5295258772943809,0.2966856435730859,35.548770904541016,0.7105696201324463,-0.6845202322241676,0.8141133188680632
0,42,25,normal,0.7788187918077976,813.0,143.37871449198937,0.15253879079846022,0.9321857318573188,0.06396063960639606,0.0,-0.4834249497136264,0.25836257691489206,26.616493225097656,0.8137415647506714,,
0,42,26,fluctuation,0.7770958122203734,739.0,161.00993229143316,0.17488646757879475,0.9322124492557511,0.11502029769959404,0.0,-0.585823447967522,0.26925229070985257,39.33407974243164,0.7879133820533752,,
0,42,27,normal,0.7626058202282138,741.0,146.0883351536386,0.17168255081339945,0.9320094466936574,0.06342780026990553,0.0,-0.502107058196953,0.2650349378181852,27.977659225463867,0.7626755237579346,,
0,42,28,fluctuation,0.7686968901288257,756.0,150.9863368845803,0.16815818774686028,0.9321058201058201,0.10317460317460317,0.0,-0.5532710657232391,0.2648491457013047,35.7304801940918,0.7779018878936768,-0.7124257337531612,0.8139468243333259
0,42,29,fluctuation,0.7527418945934258,714.0,145.76141585203126,0.17147676872907597,0.9320644257703083,0.07563025210084033,0.0,-0.509462399950851,0.25507169348450065,29.148374557495117,0.7622226476669312,,
0,42,30,normal,0.7459838201028598,658.0,142.01089530822705,0.18305802083144684,0.9318267477203648,0.060790273556231005,0.0,-0.4920806039524371,0.25094203688977523,27.23424530029297,0.7471851110458374,,
0,42,31,normal,0.7638037185845247,688.0,157.60884654611849,0.17138058240601187,0.9318895348837211,0.11046511627906977,0.0,-0.5734016802503819,0.24564550144861652,39.27414321899414,0.7687122225761414,,
0,42,32,burst,0.8496453458174544,1005.0,223.50975543078226,0.16795631227195681,0.9319950248756221,0.37213930348258706,0.0,-0.9983422028225795,0.3516585288194093,143.7638702392578,0.8227817416191101,-0.748322220626914,0.8190090233859595
