scenario,seed,policy,tasks,latency_ms,device_energy_j,accuracy,violation_rate,utilization,depletion,mean_reward
normal,1000,Local-only,120.0,5024.98500255092,1.076563032265508,0.9350000000000004,0.95,0.341650193587963,0.2018555685497827,-3.035695764146849
normal,1000,Edge-only,120.0,320.19384942123156,0.17601681652463874,0.9350000000000004,0.05,0.2968032344044794,0.033003153098369986,-0.46321041971958377
normal,1000,Cloud-only,120.0,206.41079320860348,0.3056224220328516,0.9350000000000004,0.0,0.023654488222386007,0.057304204131159886,-0.3711934355946751
normal,1000,Static,120.0,263.08873665283096,0.5061036958388588,0.9350000000000004,0.016666666666666666,0.2603370553286551,0.094894442969786,-0.44711343102966483
normal,1000,Heuristic,120.0,392.72482271590576,0.20453936942322018,0.9345666666666671,0.0,0.2113075046746084,0.03835113176685423,-0.46682262233977684
normal,1000,PPO,120.0,206.41079320860348,0.3056224220328516,0.9350000000000004,0.0,0.023654488222386007,0.057304204131159886,-0.3711934355946751
normal,1001,Local-only,120.0,5122.885173729917,1.1151360369097125,0.9350000000000004,0.9666666666666667,0.3435370643845085,0.2090880069205705,-3.0883173673029467
normal,1001,Edge-only,120.0,265.16049065668693,0.17285651786429135,0.9350000000000004,0.0,0.2645223796418031,0.032410597099555516,-0.3932104107282034
normal,1001,Cloud-only,120.0,204.15902228413776,0.3014086904857218,0.9350000000000004,0.0,0.021202562462090478,0.05651412946607259,-0.37269126307757977
normal,1001,Static,120.0,244.01770711326833,0.48985851562529326,0.9350000000000004,0.016666666666666666,0.20550986992449,0.0918484716797423,-0.4401853528958341
normal,1001,Heuristic,120.0,338.4246016300674,0.1940647929637961,0.9346333333333336,0.0,0.2002799819246463,0.036387148680712356,-0.43790863339666025
normal,1001,PPO,120.0,204.15902228413776,0.3014086904857218,0.9350000000000004,0.0,0.021202562462090478,0.05651412946607259,-0.37269126307757977
normal,1002,Local-only,120.0,5211.864671603355,1.0968606036428392,0.9350000000000004,0.9666666666666667,0.34816884076672494,0.20566136318303196,-3.111008492856191
normal,1002,Edge-only,120.0,280.169943673691,0.17573227414943618,0.9350000000000004,0.0,0.2977821758145315,0.032949801403019285,-0.405907515449004
normal,1002,Cloud-only,120.0,211.44256482464155,0.30524303219924825,0.9350000000000004,0.0,0.023917069641083782,0.057233068537358656,-0.38036947936499005
normal,1002,Static,120.0,245.22035547544678,0.48950161002959464,0.9350000000000004,0.03333333333333333,0.24104131189124384,0.09178155188054848,-0.45640099933802714
normal,1002,Heuristic,120.0,345.12866279799414,0.20477817921380245,0.9346750000000004,0.0,0.20960926428896381,0.038395908602588014,-0.44669822315439106
normal,1002,PPO,120.0,211.44256482464155,0.30524303219924825,0.9350000000000004,0.0,0.023917069641083782,0.057233068537358656,-0.38036947936499005
normal,1003,Local-only,120.0,5858.677930348469,1.1151566172176592,0.9350000000000004,0.9666666666666667,0.3428785346320595,0.20909186572831118,-3.134309539963323
normal,1003,Edge-only,120.0,291.12684061752316,0.16507500030963834,0.9350000000000004,0.016666666666666666,0.320637899123386,0.030951562558056867,-0.4270195311111606
normal,1003,Cloud-only,120.0,199.72899080570548,0.2910333337461844,0.9350000000000004,0.0,0.025479805428015173,0.054568750077409356,-0.3717272851527636
normal,1003,Static,120.0,224.24356468398102,0.4573027451606551,0.9350000000000004,0.0,0.22671390150457404,0.08574426471762253,-0.412356731619892
normal,1003,Heuristic,120.0,357.3081433953181,0.20139358065752852,0.934391666666667,0.0,0.2155665498805456,0.03776129637328607,-0.4530223310889268
normal,1003,PPO,120.0,199.72899080570548,0.2910333337461844,0.9350000000000004,0.0,0.025479805428015173,0.054568750077409356,-0.3717272851527636
normal,1004,Local-only,120.0,5118.843555033188,1.1216573268171788,0.9350000000000004,0.9666666666666667,0.34732922423023044,0.21031074877822098,-3.108764270502573
normal,1004,Edge-only,120.0,261.7414793093541,0.16924604956100253,0.9350000000000004,0.0,0.26204960827229773,0.03173363429268816,-0.38286923985122695
normal,1004,Cloud-only,120.0,203.16883663191513,0.2965947327480034,0.9350000000000004,0.0,0.021283270287946632,0.05561151239025097,-0.36473377283287
normal,1004,Static,120.0,229.50581802931745,0.48541750703236225,0.9350000000000004,0.0,0.2105846558173987,0.09101578256856824,-0.40851681541218504
normal,1004,Heuristic,120.0,314.6782436026733,0.18667868928294296,0.934916666666667,0.0,0.18493589327228405,0.03500225424055192,-0.4169885799183935
normal,1004,PPO,120.0,203.16883663191513,0.2965947327480034,0.9350000000000004,0.0,0.021283270287946632,0.05561151239025097,-0.36473377283287
normal,1005,Local-only,120.0,3548.109981610872,1.0833738502632708,0.9350000000000004,0.9,0.34566824998311707,0.20313259692436347,-2.7476563096190483
normal,1005,Edge-only,120.0,247.5010333917492,0.1728526865231049,0.9350000000000004,0.0,0.23578395555431825,0.0324098787230821,-0.3763241078507578
normal,1005,Cloud-only,120.0,207.31769894446188,0.3014035820308065,0.9350000000000004,0.0,0.01880828208024791,0.05651317163077607,-0.37065292351310425
normal,1005,Static,120.0,245.84913366700633,0.5202885737847205,0.9350000000000004,0.008333333333333333,0.22268292376752172,0.09755410758463501,-0.43439271749452973
normal,1005,Heuristic,120.0,324.8139102311908,0.19073693073843193,0.9347583333333337,0.0,0.1725721271263267,0.03576317451345612,-0.4243223406358056
normal,1005,PPO,120.0,207.31769894446188,0.3014035820308065,0.9350000000000004,0.0,0.01880828208024791,0.05651317163077607,-0.37065292351310425
normal,1006,Local-only,120.0,4793.8793303662615,1.1183240091691893,0.9350000000000004,0.9416666666666667,0.3509924479159328,0.20968575171922244,-2.9895261476596455
normal,1006,Edge-only,120.0,266.71235382310897,0.1695384951814765,0.9350000000000004,0.008333333333333333,0.24781791189884084,0.03178846784652711,-0.3972710270750402
normal,1006,Cloud-only,120.0,200.59107312445337,0.2969846602419687,0.9350000000000004,0.0,0.02010077466986478,0.05568462379536898,-0.3680412070794109
normal,1006,Static,120.0,244.1351125480722,0.490863577285045,0.9350000000000004,0.016666666666666666,0.203823146998486,0.09203692074094583,-0.44081102884368695
normal,1006,Heuristic,120.0,298.4158858280653,0.19250241078287314,0.9348750000000002,0.0,0.1736453079601078,0.036094202021789146,-0.4106068124744927
normal,1006,PPO,120.0,200.59107312445337,0.2969846602419687,0.9350000000000004,0.0,0.02010077466986478,0.05568462379536898,-0.3680412070794109
normal,1007,Local-only,120.0,4375.862487605174,1.0962872164788742,0.9350000000000004,0.9333333333333333,0.34722127032052186,0.2055538530897889,-2.912451516540633
normal,1007,Edge-only,120.0,259.48665380554814,0.17525117910610408,0.9350000000000004,0.0,0.2583395326436792,0.032859596082394305,-0.386451273893119
normal,1007,Cloud-only,120.0,207.64443972964403,0.3046015721414721,0.9350000000000004,0.0,0.021019078386392533,0.0571127947765262,-0.3731145021721856
normal,1007,Static,120.0,291.0592043930518,0.5504969847651869,0.9350000000000004,0.075,0.24170710334025042,0.10321818464347232,-0.5230792092372071
normal,1007,Heuristic,120.0,368.5847298629067,0.19834427059848156,0.9347333333333336,0.0,0.18669208064732357,0.03718955073721508,-0.45270398764417646
normal,1007,PPO,120.0,207.64443972964403,0.3046015721414721,0.9350000000000004,0.0,0.021019078386392533,0.0571127947765262,-0.3731145021721856
normal,1008,Local-only,120.0,3930.0261269352322,1.0978580271442309,0.9350000000000004,0.95,0.34274457052164475,0.20584838008954331,-2.9663191776871307
normal,1008,Edge-only,120.0,254.24947108899713,0.17440395115036436,0.9350000000000004,0.0,0.23571230562733952,0.03270074084069341,-0.38549670407865716
normal,1008,Cloud-only,120.0,203.00546776408137,0.30347193486715246,0.9350000000000004,0.0,0.01920110572075634,0.056900987787591006,-0.3714478405526416
normal,1008,Static,120.0,259.27019159688814,0.497364204557896,0.9350000000000004,0.06666666666666667,0.2049569969160112,0.09325578835460546,-0.48765959053432817
normal,1008,Heuristic,120.0,289.77846614866974,0.1958039668561754,0.9346750000000004,0.0,0.17412467090838546,0.03671324378553287,-0.40964999801994384
normal,1008,PPO,120.0,203.00546776408137,0.30347193486715246,0.9350000000000004,0.0,0.01920110572075634,0.056900987787591006,-0.3714478405526416
normal,1009,Local-only,120.0,4594.558617641796,1.0905522795371936,0.9350000000000004,0.95,0.3439997567670011,0.204478552413224,-3.0125389475114406
normal,1009,Edge-only,120.0,264.14126567019883,0.17486403288096194,0.9350000000000004,0.008333333333333333,0.26382910123370157,0.03278700616518071,-0.3998991772545164
normal,1009,Cloud-only,120.0,204.6742390625397,0.3040853771746159,0.9350000000000004,0.0,0.021732954449457127,0.05701600822024089,-0.37444524560913656
normal,1009,Static,120.0,263.65591161743816,0.5442594577284844,0.9350000000000004,0.041666666666666664,0.2807168090630071,0.10204864832409122,-0.48124345226689497
normal,1009,Heuristic,120.0,321.2424358380003,0.19685571560188284,0.9347333333333336,0.0,0.1904005500373484,0.03691044667535326,-0.43064401298349975
normal,1009,PPO,120.0,204.6742390625397,0.3040853771746159,0.9350000000000004,0.0,0.021732954449457127,0.05701600822024089,-0.37444524560913656
burst,1000,Local-only,120.0,7917.015205226669,1.076563032265508,0.9350000000000004,0.9583333333333334,0.341650193587963,0.2018555685497827,-3.1736784670083575
burst,1000,Edge-only,120.0,2005.2157129361206,0.17601681652463874,0.9350000000000004,0.875,0.391667333244306,0.033003153098369986,-2.4293267057869907
burst,1000,Cloud-only,120.0,223.70576680086518,0.3056224220328516,0.9350000000000004,0.0,0.06733925192206311,0.057304204131159886,-0.38220137526445963
burst,1000,Static,120.0,690.9440210712183,0.5061036958388588,0.9350000000000004,0.3,0.38667190970027476,0.094894442969786,-1.0212625566601463
burst,1000,Heuristic,120.0,338.0391178029388,0.2596134357644463,0.9339750000000002,0.0,0.34691635047244695,0.04867751920583374,-0.4345419172094412
burst,1000,PPO,120.0,215.31887952636933,0.3056224220328516,0.923,0.0,0.03914912456291529,0.057304204131159886,-0.41282439626748674
burst,1001,Local-only,120.0,8227.309661756566,1.1151360369097125,0.9350000000000004,0.9666666666666667,0.3435370643845085,0.2090880069205705,-3.185339177539518
burst,1001,Edge-only,120.0,2059.4286362096786,0.17285651786429135,0.9350000000000004,0.8916666666666667,0.39233823856809263,0.032410597099555516,-2.550168657611717
burst,1001,Cloud-only,120.0,217.69433857564138,0.3014086904857218,0.9350000000000004,0.0,0.06075279611645734,0.05651412946607259,-0.3813003181749366
burst,1001,Static,120.0,461.23184407478414,0.48985851562529326,0.9350000000000004,0.19166666666666668,0.3641868483056257,0.0918484716797423,-0.7445019324563282
burst,1001,Heuristic,120.0,366.34113137177485,0.250734501172002,0.934516666666667,0.0,0.289231306934879,0.047012718969750344,-0.4523192536796049
burst,1001,PPO,120.0,210.3942322161709,0.3014086904857218,0.923,0.0,0.035325923962223116,0.05651412946607259,-0.41261944986139565
burst,1002,Local-only,120.0,7996.996233269732,1.0968606036428392,0.9350000000000004,0.975,0.34816884076672494,0.20566136318303196,-3.199779041929018
burst,1002,Edge-only,120.0,2115.05418141581,0.17573227414943618,0.9350000000000004,0.9,0.3878139082084697,0.032949801403019285,-2.55126518957615
burst,1002,Cloud-only,120.0,230.09179374494764,0.30524303219924825,0.9350000000000004,0.0,0.06858893797106239,0.057233068537358656,-0.3925104392746496
burst,1002,Static,120.0,616.5123721376043,0.48950161002959464,0.9350000000000004,0.2916666666666667,0.40034435935160556,0.09178155188054848,-0.9913581652299814
burst,1002,Heuristic,120.0,343.3300884955691,0.263386206982539,0.9342333333333336,0.0,0.33970062770891035,0.04938491380922638,-0.4485595678097782
burst,1002,PPO,120.0,220.79621804452475,0.30524303219924825,0.923,0.0,0.03987843320079078,0.057233068537358656,-0.42237344895688944
burst,1003,Local-only,120.0,8471.641909291735,1.1151566172176592,0.9350000000000004,0.975,0.3428785346320595,0.20909186572831118,-3.2195389599189017
burst,1003,Edge-only,120.0,2302.7838990089513,0.16507500030963834,0.9350000000000004,0.8916666666666667,0.391405824685705,0.030951562558056867,-2.6164988519530823
burst,1003,Cloud-only,120.0,213.7187613513625,0.2910333337461844,0.9350000000000004,0.0,0.07302352501154923,0.054568750077409356,-0.3808526318456087
burst,1003,Static,120.0,468.66850823728794,0.4573027451606551,0.9350000000000004,0.20833333333333334,0.3489866455696853,0.08574426471762253,-0.7694905194623103
burst,1003,Heuristic,120.0,322.6695382576706,0.2519081291827666,0.934216666666667,0.0,0.32586299570540755,0.047232774221768414,-0.43249465174174184
burst,1003,PPO,120.0,206.04085264401792,0.2910333337461844,0.923,0.0,0.04240556056350074,0.054568750077409356,-0.41167894801983196
burst,1004,Local-only,120.0,8275.603347285109,1.1216573268171788,0.9350000000000004,0.9666666666666667,0.34732922423023044,0.21031074877822098,-3.1950197777884353
burst,1004,Edge-only,120.0,2081.461953935009,0.16924604956100253,0.9350000000000004,0.9,0.3886991680315636,0.03173363429268816,-2.5183442288865523
burst,1004,Cloud-only,120.0,215.66105092363668,0.2965947327480034,0.9350000000000004,0.0,0.061042054560986804,0.05561151239025097,-0.3726662793141026
burst,1004,Static,120.0,527.479570768801,0.48541750703236225,0.9350000000000004,0.225,0.4039761253912973,0.09101578256856824,-0.8241532360370102
burst,1004,Heuristic,120.0,360.91363793853964,0.24798588677514447,0.9344583333333337,0.0,0.2758893610529199,0.04649735377033959,-0.43887822435635304
burst,1004,PPO,120.0,208.74121958676278,0.2965947327480034,0.923,0.0,0.035441747621878884,0.05561151239025097,-0.40436281356407877
burst,1005,Local-only,120.0,7351.869105822925,1.0833738502632708,0.9350000000000004,0.9666666666666667,0.34566824998311707,0.20313259692436347,-3.1589130724619614
burst,1005,Edge-only,120.0,1497.6974421484379,0.1728526865231049,0.9350000000000004,0.7833333333333333,0.39164630998459393,0.0324098787230821,-2.05949055428257
burst,1005,Cloud-only,120.0,222.78420769758947,0.3014035820308065,0.9350000000000004,0.0,0.054341677210839844,0.05651317163077607,-0.38061535169097005
burst,1005,Static,120.0,621.0799426147936,0.5202885737847205,0.9350000000000004,0.30833333333333335,0.3777087720113027,0.09755410758463501,-0.9815350798619776
burst,1005,Heuristic,120.0,369.38006576533724,0.24543660002462783,0.934316666666667,0.0,0.290901857658777,0.04601936250461791,-0.44995403235586817
burst,1005,PPO,120.0,215.21289915703727,0.3014035820308065,0.923,0.0,0.03154761744371424,0.05651317163077607,-0.41176718820753877
burst,1006,Local-only,120.0,8028.294046409736,1.1183240091691893,0.9350000000000004,0.9583333333333334,0.3509924479159328,0.20968575171922244,-3.1787721025168953
burst,1006,Edge-only,120.0,1983.9068807561628,0.1695384951814765,0.9350000000000004,0.8583333333333333,0.3895724533952006,0.03178846784652711,-2.45665863848756
burst,1006,Cloud-only,120.0,216.11333012692995,0.2969846602419687,0.9350000000000004,0.0,0.05851666640158998,0.05568462379536898,-0.37767282868250546
burst,1006,Static,120.0,587.4383241486833,0.490863577285045,0.9350000000000004,0.2833333333333333,0.38583873361658666,0.09203692074094583,-0.9350981237155722
burst,1006,Heuristic,120.0,364.7118047907973,0.24770889045432512,0.9344500000000003,0.0,0.3052405091366756,0.046445416960186225,-0.45000062423243836
burst,1006,PPO,120.0,208.59485045532864,0.2969846602419687,0.923,0.0,0.03397464141972346,0.05568462379536898,-0.4089861693333682
burst,1007,Local-only,120.0,7868.372860320574,1.0962872164788742,0.9350000000000004,0.975,0.34722127032052186,0.2055538530897889,-3.1977398546584066
burst,1007,Edge-only,120.0,1795.7613812771551,0.17525117910610408,0.9350000000000004,0.85,0.38993547662036415,0.032859596082394305,-2.313095787443681
burst,1007,Cloud-only,120.0,220.25882037456813,0.3046015721414721,0.9350000000000004,0.0,0.06045416598435429,0.0571127947765262,-0.38128895721074463
burst,1007,Static,120.0,920.9440040054643,0.5504969847651869,0.9350000000000004,0.275,0.29048919829976144,0.10321818464347232,-1.0167930506093927
burst,1007,Heuristic,120.0,341.90964307678837,0.2631714738453921,0.9340166666666669,0.0,0.298744588201561,0.04934465134601107,-0.4388460041679168
burst,1007,PPO,120.0,213.08566271930786,0.3046015721414721,0.923,0.0,0.03516603343068671,0.0571127947765262,-0.41276382483876056
burst,1008,Local-only,120.0,7576.859608494046,1.0978580271442309,0.9350000000000004,0.975,0.34274457052164475,0.20584838008954331,-3.1901870998368356
burst,1008,Edge-only,120.0,1635.5479662706978,0.17440395115036436,0.9350000000000004,0.8583333333333333,0.39286565383758054,0.03270074084069341,-2.288310333864127
burst,1008,Cloud-only,120.0,218.52029153898047,0.30347193486715246,0.9350000000000004,0.0,0.05515346810486495,0.056900987787591006,-0.3816796195809523
burst,1008,Static,120.0,520.540377113709,0.497364204557896,0.9350000000000004,0.24166666666666667,0.39027878331964583,0.09325578835460546,-0.8424378255232186
burst,1008,Heuristic,120.0,356.9443708770668,0.25179572897447416,0.9340750000000002,0.0,0.297395410521481,0.04721169918271384,-0.45077852441730665
burst,1008,PPO,120.0,210.3410330732748,0.30347193486715246,0.923,0.0,0.03206603542964049,0.056900987787591006,-0.41235890047846463
burst,1009,Local-only,120.0,7837.641554627721,1.0905522795371936,0.9350000000000004,0.975,0.3439997567670011,0.204478552413224,-3.205662774481491
burst,1009,Edge-only,120.0,1914.4046593400722,0.17486403288096194,0.9350000000000004,0.8833333333333333,0.39137396684482484,0.03278700616518071,-2.459316975680306
burst,1009,Cloud-only,120.0,216.33904423108189,0.3040853771746159,0.9350000000000004,0.0,0.062371350746648936,0.05701600822024089,-0.38236977916946346
burst,1009,Static,120.0,939.8963365516348,0.5442594577284844,0.9350000000000004,0.3416666666666667,0.3456053855787511,0.10204864832409122,-1.1983424371932996
burst,1009,Heuristic,120.0,352.45657276004255,0.2521020790038132,0.934391666666667,0.0,0.32344593553225265,0.047269139813215455,-0.4515983846638748
burst,1009,PPO,120.0,209.58733039604593,0.3040853771746159,0.923,0.0,0.036224518748984726,0.05701600822024089,-0.41388500891787594
fluctuation,1000,Local-only,120.0,5024.98500255092,1.076563032265508,0.9350000000000004,0.95,0.341650193587963,0.2018555685497827,-3.035695764146849
fluctuation,1000,Edge-only,120.0,452.72978533667504,0.3870240367214194,0.9350000000000004,0.125,0.2951921225672285,0.0725670068852664,-0.6608413411467723
fluctuation,1000,Cloud-only,120.0,445.7919494059176,0.6508053822952259,0.9350000000000004,0.058333333333333334,0.02300051959927801,0.12202600918035489,-0.6177171773565863
fluctuation,1000,Static,120.0,5024.98500255092,1.076563032265508,0.9350000000000004,0.95,0.341650193587963,0.2018555685497827,-3.035695764146849
fluctuation,1000,Heuristic,120.0,305.59981561294285,0.46997916780331284,0.9275000000000001,0.008333333333333333,0.37735945300108165,0.08812109396312129,-0.486487000734639
fluctuation,1000,PPO,120.0,507.55403063945323,0.6218496958655896,0.9299999999999998,0.31666666666666665,0.385153708659717,0.11659681797479782,-0.9157797901563538
fluctuation,1001,Local-only,120.0,5122.885173729917,1.1151360369097125,0.9350000000000004,0.9666666666666667,0.3435370643845085,0.2090880069205705,-3.0883173673029467
fluctuation,1001,Edge-only,120.0,396.30337691650396,0.3800011508095364,0.9350000000000004,0.075,0.26365992607278466,0.0712502157767878,-0.5658847607987115
fluctuation,1001,Cloud-only,120.0,437.4816598947429,0.6414415344127152,0.9350000000000004,0.1,0.020697914974517995,0.12027028770238357,-0.6513054169884747
fluctuation,1001,Static,120.0,5122.885173729917,1.1151360369097125,0.9350000000000004,0.9666666666666667,0.3435370643845085,0.2090880069205705,-3.0883173673029467
fluctuation,1001,Heuristic,120.0,288.22999754081667,0.4684146216101689,0.9284000000000001,0.0,0.31775178154493544,0.08782774155190642,-0.4678445518416175
fluctuation,1001,PPO,120.0,414.6835902894676,0.6435196391613622,0.9299999999999998,0.1,0.34913010407813666,0.12065993234275518,-0.6608176491139001
fluctuation,1002,Local-only,120.0,5211.864671603355,1.0968606036428392,0.9350000000000004,0.9666666666666667,0.34816884076672494,0.20566136318303196,-3.111008492856191
fluctuation,1002,Edge-only,120.0,428.4062264152008,0.3863917203320804,0.9350000000000004,0.08333333333333333,0.3008963006179029,0.0724484475622652,-0.6104699568162177
fluctuation,1002,Cloud-only,120.0,456.26118851431187,0.6499622937761073,0.9350000000000004,0.1,0.023359192224361877,0.12186793008301999,-0.6717141403089687
fluctuation,1002,Static,120.0,5211.864671603355,1.0968606036428392,0.9350000000000004,0.9666666666666667,0.34816884076672494,0.20566136318303196,-3.111008492856191
fluctuation,1002,Heuristic,120.0,291.11479547674196,0.474505094994104,0.9277000000000001,0.0,0.37312499810896477,0.08896970531139514,-0.47962529628936823
fluctuation,1002,PPO,120.0,398.7597531316776,0.6339892938270092,0.9299999999999998,0.08333333333333333,0.3974178042153086,0.11887299259256401,-0.63892321807125
fluctuation,1003,Local-only,120.0,5858.677930348469,1.1151566172176592,0.9350000000000004,0.9666666666666667,0.3428785346320595,0.20909186572831118,-3.134309539963323
fluctuation,1003,Edge-only,120.0,430.8405443916699,0.36270888957697406,0.9350000000000004,0.10833333333333334,0.3189747889366824,0.06800791679568285,-0.6301802499448621
fluctuation,1003,Cloud-only,120.0,428.03191568667194,0.6183851861026322,0.9350000000000004,0.08333333333333333,0.024853071594656224,0.11594722239424349,-0.6349206238837717
fluctuation,1003,Static,120.0,5858.677930348469,1.1151566172176592,0.9350000000000004,0.9666666666666667,0.3428785346320595,0.20909186572831118,-3.134309539963323
fluctuation,1003,Heuristic,120.0,308.80136432946466,0.44744218272173486,0.9284000000000001,0.0,0.387258097265316,0.08389540926032546,-0.4844689487134301
fluctuation,1003,PPO,120.0,482.10698242101313,0.64344044251872,0.9299999999999998,0.20833333333333334,0.4271580617327871,0.12064508297225962,-0.8164690963604394
fluctuation,1004,Local-only,120.0,5118.843555033188,1.1216573268171788,0.9350000000000004,0.9666666666666667,0.34732922423023044,0.21031074877822098,-3.108764270502573
fluctuation,1004,Edge-only,120.0,394.7783065956652,0.37197788791333897,0.9350000000000004,0.03333333333333333,0.26348118000402965,0.069745853983751,-0.5202289456115908
fluctuation,1004,Cloud-only,120.0,434.2859325673424,0.6307438505511186,0.9350000000000004,0.05,0.020758516293406845,0.11826447197833456,-0.5951449858651049
fluctuation,1004,Static,120.0,5118.843555033188,1.1216573268171788,0.9350000000000004,0.9666666666666667,0.34732922423023044,0.21031074877822098,-3.108764270502573
fluctuation,1004,Heuristic,120.0,274.832774272666,0.4552154961506295,0.9285000000000001,0.0,0.32447139203792585,0.08535290552824337,-0.45240556022557
fluctuation,1004,PPO,120.0,398.98750938190426,0.647658882316846,0.9299999999999998,0.05,0.35631940918145477,0.12143604043440859,-0.6005243942163704
fluctuation,1005,Local-only,120.0,3548.109981610872,1.0833738502632708,0.9350000000000004,0.9,0.34566824998311707,0.20313259692436347,-2.7476563096190483
fluctuation,1005,Edge-only,120.0,385.738653439906,0.3720372942281489,0.9350000000000004,0.025,0.23915700812163312,0.0697569926677779,-0.5124938955637587
fluctuation,1005,Cloud-only,120.0,437.95838678970307,0.6288723923041986,0.9350000000000004,0.058333333333333334,0.01869208942728404,0.11791357355703713,-0.6090699582334054
fluctuation,1005,Static,120.0,3548.109981610872,1.0833738502632708,0.9350000000000004,0.9,0.34566824998311707,0.20313259692436347,-2.7476563096190483
fluctuation,1005,Heuristic,120.0,263.16364437017194,0.45624250147532625,0.9277000000000001,0.0,0.2948283881932797,0.08554546902662397,-0.4506255723404233
fluctuation,1005,PPO,120.0,369.43564856979566,0.6205249069754184,0.9299999999999998,0.03333333333333333,0.3179578798130817,0.11634842005789103,-0.5599437787046619
fluctuation,1006,Local-only,120.0,4793.8793303662615,1.1183240091691893,0.9350000000000004,0.9416666666666667,0.3509924479159328,0.20968575171922244,-2.9895261476596455
fluctuation,1006,Edge-only,120.0,404.4153486266632,0.36895329799496124,0.9350000000000004,0.06666666666666667,0.2511324141874868,0.06917874337405527,-0.5694731843801024
fluctuation,1006,Cloud-only,120.0,428.1143425034134,0.6254106195488371,0.9350000000000004,0.058333333333333334,0.02000293340286317,0.11726449116540683,-0.6064926794182222
fluctuation,1006,Static,120.0,4793.8793303662615,1.1183240091691893,0.9350000000000004,0.9416666666666667,0.3509924479159328,0.20968575171922244,-2.9895261476596455
fluctuation,1006,Heuristic,120.0,278.82872772855325,0.456298042434117,0.9283000000000001,0.0,0.30504656694989224,0.08555588295639727,-0.4586706553884915
fluctuation,1006,PPO,120.0,385.9681091228027,0.6430551615800985,0.9299999999999998,0.03333333333333333,0.3371278048949559,0.12057284279626757,-0.5787457968300918
fluctuation,1007,Local-only,120.0,4375.862487605174,1.0962872164788742,0.9350000000000004,0.9333333333333333,0.34722127032052186,0.2055538530897889,-2.912451516540633
fluctuation,1007,Edge-only,120.0,395.70463773618644,0.38532262023578684,0.9350000000000004,0.016666666666666666,0.2567342353002865,0.07224799129420956,-0.5166665956673316
fluctuation,1007,Cloud-only,120.0,443.65266425942616,0.6485368269810491,0.9350000000000004,0.06666666666666667,0.020589163727997527,0.1216006550589468,-0.6253811139067051
fluctuation,1007,Static,120.0,4375.862487605174,1.0962872164788742,0.9350000000000004,0.9333333333333333,0.34722127032052186,0.2055538530897889,-2.912451516540633
fluctuation,1007,Heuristic,120.0,254.31361167410432,0.45273856775957366,0.9282000000000001,0.0,0.3165336554257195,0.08488848145491978,-0.44469436403216245
fluctuation,1007,PPO,120.0,417.67813507004234,0.6335456804254915,0.9299999999999998,0.058333333333333334,0.3502577971708164,0.11878981507977981,-0.6149442048659035
fluctuation,1008,Local-only,120.0,3930.0261269352322,1.0978580271442309,0.9350000000000004,0.95,0.34274457052164475,0.20584838008954331,-2.9663191776871307
fluctuation,1008,Edge-only,120.0,383.6001988538473,0.3690895960868475,0.9350000000000004,0.05,0.23915676047823506,0.06920429926628346,-0.5364483882570232
fluctuation,1008,Cloud-only,120.0,421.6735606774926,0.6233165725602412,0.9350000000000004,0.075,0.019068463658422363,0.11687185735504513,-0.6173437765726663
fluctuation,1008,Static,120.0,3930.0261269352322,1.0978580271442309,0.9350000000000004,0.95,0.34274457052164475,0.20584838008954331,-2.9663191776871307
fluctuation,1008,Heuristic,120.0,281.289519690351,0.45232613291789614,0.9280000000000002,0.0,0.28850574145208957,0.08481114992210537,-0.46471405104357993
fluctuation,1008,PPO,120.0,376.72476235531093,0.6242178322949345,0.9299999999999998,0.041666666666666664,0.3203118048730754,0.11704084355530009,-0.5840866981565593
fluctuation,1009,Local-only,120.0,4594.558617641796,1.0905522795371936,0.9350000000000004,0.95,0.3439997567670011,0.204478552413224,-3.0125389475114406
fluctuation,1009,Edge-only,120.0,402.81195893619713,0.3844622952910266,0.9350000000000004,0.03333333333333333,0.26474260543791506,0.07208668036706745,-0.5410441507620082
fluctuation,1009,Cloud-only,120.0,437.0976012749307,0.647389727054702,0.9350000000000004,0.041666666666666664,0.021213737907777665,0.12138557382275672,-0.6095000984876713
fluctuation,1009,Static,120.0,4594.558617641796,1.0905522795371936,0.9350000000000004,0.95,0.3439997567670011,0.204478552413224,-3.0125389475114406
fluctuation,1009,Heuristic,120.0,264.3127486449415,0.4707523147629539,0.9272000000000001,0.0,0.34007545492743224,0.08826605901805362,-0.46048270303346595
fluctuation,1009,PPO,120.0,390.9253527964174,0.6299311251978026,0.9299999999999998,0.041666666666666664,0.3551476188160517,0.11811208597458789,-0.5910705619490534
energy_constrained,1000,Local-only,120.0,5607.042101035271,1.101517347413572,0.9350000000000004,0.9666666666666667,0.34176396414698595,0.5742207741862795,-1.9014686504585734
energy_constrained,1000,Edge-only,120.0,324.2304801393613,0.17342639029373727,0.9350000000000004,0.05,0.30776849873418965,0.08731422416406898,-0.26785207366681696
energy_constrained,1000,Cloud-only,120.0,205.19870820888997,0.30216852039164965,0.9350000000000004,0.0,0.02430730862379149,0.15188563221875784,-0.23695349427729792
energy_constrained,1000,Static,120.0,240.92668500742175,0.4799061839605408,0.9350000000000004,0.008333333333333333,0.2366315704989046,0.24539183795921038,-0.3163385065999229
energy_constrained,1000,Heuristic,120.0,367.67754870627664,0.19976777073955562,0.9348333333333336,0.0,0.20784421901799816,0.09956002394568642,-0.24887126839606258
energy_constrained,1000,PPO,120.0,211.62110639250417,0.28914506708443616,0.9350000000000004,0.0,0.06433560429367038,0.1458114133073638,-0.2340537431791642
energy_constrained,1001,Local-only,120.0,5379.290544608346,1.1180958437962762,0.9350000000000004,0.9583333333333334,0.3441160320642463,0.3496605987476067,-1.8963890423128287
energy_constrained,1001,Edge-only,120.0,268.0443222980335,0.17087597106189253,0.9350000000000004,0.0,0.27287564874259995,0.05477748853742148,-0.21261982666481238
energy_constrained,1001,Cloud-only,120.0,202.03747871918313,0.2987679614158567,0.9350000000000004,0.0,0.021802637593308395,0.09583665138322872,-0.23559149080209393
energy_constrained,1001,Static,120.0,248.3744518843137,0.4935949096160546,0.9350000000000004,0.025,0.21479320979186456,0.1553313249261452,-0.3382508522566212
energy_constrained,1001,Heuristic,120.0,342.2180224898259,0.19176528259604872,0.934716666666667,0.0,0.2033364786216992,0.06159870034271986,-0.23971319177933287
energy_constrained,1001,PPO,120.0,207.90975282962523,0.28439018293161605,0.9350000000000004,0.0,0.06160921923818276,0.09113983559120808,-0.23218043524665935
energy_constrained,1002,Local-only,120.0,5000.49466352579,1.104569442197238,0.9350000000000004,0.9333333333333333,0.34465104935889157,0.414213540823964,-1.8434989742615764
energy_constrained,1002,Edge-only,120.0,273.0759130379798,0.17562157704110457,0.9350000000000004,0.0,0.2864865822586592,0.06585809139041443,-0.21660203721193944
energy_constrained,1002,Cloud-only,120.0,209.58885339566388,0.3050954360548061,0.9350000000000004,0.0,0.0231573264814647,0.11441078852055164,-0.2410485277932582
energy_constrained,1002,Static,120.0,234.2821664270095,0.4764576665908232,0.9350000000000004,0.016666666666666666,0.21856998286962423,0.17867162497155809,-0.3223243782466426
energy_constrained,1002,Heuristic,120.0,341.9840346135765,0.2004803164150936,0.9347750000000004,0.0,0.20606720992372057,0.0751801186556601,-0.24536684829692312
energy_constrained,1002,PPO,120.0,211.9676332738444,0.29506243152121425,0.9350000000000004,0.0,0.05031959309965641,0.11064841182045493,-0.23825141987387385
energy_constrained,1003,Local-only,120.0,4862.270640335333,1.09907643805086,0.9350000000000004,0.875,0.34200136649778723,0.6869227737817873,-1.7646597243952444
energy_constrained,1003,Edge-only,120.0,285.46520182089535,0.1685837315501067,0.9350000000000004,0.016666666666666666,0.2758891414728735,0.10536483221881676,-0.23211660065477566
energy_constrained,1003,Cloud-only,120.0,201.73967914242127,0.295711642066809,0.9350000000000004,0.0,0.022353521332953624,0.1848197762917556,-0.2362202924390956
energy_constrained,1003,Static,120.0,224.69505134535254,0.4692923222807,0.9350000000000004,0.008333333333333333,0.2113408361229256,0.2933077014254375,-0.31139801294946307
energy_constrained,1003,Heuristic,120.0,369.54353946158415,0.20325791691510417,0.934616666666667,0.0,0.18982712574343918,0.12703619807194,-0.2534620627011785
energy_constrained,1003,PPO,120.0,204.47931651028102,0.28329080984616334,0.9350000000000004,0.0,0.053673137958561844,0.17705675615385197,-0.23262680441404718
energy_constrained,1004,Local-only,120.0,4710.117617588548,1.1162168452024062,0.9350000000000004,0.925,0.34444325428359923,0.4661611891092172,-1.814156027404418
energy_constrained,1004,Edge-only,120.0,299.8484512785538,0.1756112343858649,0.9350000000000004,0.008333333333333333,0.2672654031007098,0.07881459801522273,-0.22873935539419635
energy_constrained,1004,Cloud-only,120.0,209.2545476861669,0.3050816458478199,0.9350000000000004,0.0,0.021486845114539167,0.13675279735363022,-0.23910989581926537
energy_constrained,1004,Static,120.0,266.8177440455977,0.48495851773750653,0.9350000000000004,0.05,0.2059248574210041,0.21602030854805943,-0.35754003439184684
energy_constrained,1004,Heuristic,120.0,341.1414646907045,0.2000330434710208,0.9348333333333336,0.0,0.1870542505866412,0.09061090264065674,-0.24242478154142202
energy_constrained,1004,PPO,120.0,210.99198158348005,0.2958816110147533,0.9350000000000004,0.0,0.04399265975220334,0.1329252079155412,-0.23642947655628085
energy_constrained,1005,Local-only,120.0,4260.422698199741,1.0998805572815231,0.9350000000000004,0.9083333333333333,0.3361892828656091,0.524165301374309,-1.7808428789557473
energy_constrained,1005,Edge-only,120.0,258.35337294185615,0.17244958249965714,0.9350000000000004,0.008333333333333333,0.24953303505228258,0.08657086669324543,-0.2141187850203781
energy_constrained,1005,Cloud-only,120.0,208.9906160046543,0.3008661099995429,0.9350000000000004,0.0,0.019932094573004863,0.15089448892432755,-0.236643776590625
energy_constrained,1005,Static,120.0,246.09024555875246,0.5068608801077706,0.9350000000000004,0.025,0.22234438955327676,0.24694733030631433,-0.33942604657171827
energy_constrained,1005,Heuristic,120.0,309.7901832339074,0.19653775599981066,0.9347750000000002,0.0,0.17390154721593834,0.09833585069761575,-0.23054619686194913
energy_constrained,1005,PPO,120.0,210.96844526230035,0.28568522259075557,0.9350000000000004,0.0,0.05353437931406757,0.14233792958642622,-0.23189687752764357
energy_constrained,1006,Local-only,120.0,5471.946353092177,1.1237420879949245,0.9350000000000004,0.975,0.33282833492817393,0.42140328299809604,-1.904352386773517
energy_constrained,1006,Edge-only,120.0,275.5342546147653,0.16796425637975815,0.9350000000000004,0.008333333333333333,0.26443393359067685,0.06298659614240898,-0.21877338640926364
energy_constrained,1006,Cloud-only,120.0,200.16252257236258,0.29488567517301084,0.9350000000000004,0.0,0.021472147446086977,0.11058212818987934,-0.2327090165154156
energy_constrained,1006,Static,120.0,304.4603981734096,0.5054270688329168,0.9350000000000004,0.09166666666666666,0.23495861683245395,0.1895351508123435,-0.4090978637652872
energy_constrained,1006,Heuristic,120.0,341.5208106861594,0.19813557719832336,0.9345750000000003,0.0,0.18598934992590863,0.07430084144937121,-0.24130655187692027
energy_constrained,1006,PPO,120.0,207.20646226858182,0.2794276303336544,0.9350000000000004,0.0,0.06310269809394917,0.10478536137512051,-0.22924673538594748
energy_constrained,1007,Local-only,120.0,4496.284185384076,1.092785443183384,0.9350000000000004,0.9333333333333333,0.3437398449928796,0.682990901989615,-1.8126211489736042
energy_constrained,1007,Edge-only,120.0,260.00330912340314,0.1759860296671488,0.9350000000000004,0.0,0.26019261793006876,0.10999126854196795,-0.2078557479553125
energy_constrained,1007,Cloud-only,120.0,208.01493870941783,0.30558137288953174,0.9350000000000004,0.0,0.021183503305563234,0.19098835805595715,-0.2367541258594511
energy_constrained,1007,Static,120.0,286.53455968571456,0.544588302892926,0.9350000000000004,0.075,0.23969065246458832,0.3403676893080787,-0.40033235467110967
energy_constrained,1007,Heuristic,120.0,387.1615767846055,0.196556294710229,0.934691666666667,0.0,0.19605274585956753,0.12284768419389314,-0.251996825569418
energy_constrained,1007,PPO,120.0,212.31548537749057,0.2893341960494118,0.9350000000000004,0.0,0.062409885147816715,0.18083387253088223,-0.23222983244870204
energy_constrained,1008,Local-only,120.0,5426.179711232205,1.1152736860770334,0.9350000000000004,0.9666666666666667,0.3385070020471555,0.5323118416057393,-1.891968883937573
energy_constrained,1008,Edge-only,120.0,279.0966480218588,0.16534878063399336,0.9350000000000004,0.0,0.2882265428859294,0.08289302471450277,-0.21226942199511473
energy_constrained,1008,Cloud-only,120.0,198.93890650514587,0.2913983741786578,0.9350000000000004,0.0,0.023179094145377596,0.1459906996193372,-0.23069014707649443
energy_constrained,1008,Static,120.0,248.8889610721489,0.47754886203889174,0.9350000000000004,0.05,0.22785554278548173,0.23349224768498922,-0.34978638594347383
energy_constrained,1008,Heuristic,120.0,370.212803871056,0.1903636985913759,0.9345750000000004,0.0,0.20961258363505025,0.09557174404086943,-0.24680761628067202
energy_constrained,1008,PPO,120.0,204.92642052588428,0.2793202183470662,0.9350000000000004,0.0,0.06024406923951962,0.13985686420945798,-0.2281069493246744
energy_constrained,1009,Local-only,120.0,4688.616832127192,1.0945128345176924,0.9350000000000004,0.95,0.34232736523945684,0.4556941306731438,-1.854213671065308
energy_constrained,1009,Edge-only,120.0,263.3062901070497,0.17464781894927583,0.9350000000000004,0.008333333333333333,0.2639548814035225,0.0782419372150095,-0.21846730033689996
energy_constrained,1009,Cloud-only,120.0,204.9705111461729,0.3037970919323678,0.9350000000000004,0.0,0.021755326383107898,0.1359892496200128,-0.23842911156385546
energy_constrained,1009,Static,120.0,262.33853367082736,0.5385497215518932,0.9350000000000004,0.041666666666666664,0.27489070738321375,0.22903741016490287,-0.37118857864594607
energy_constrained,1009,Heuristic,120.0,317.8320474746096,0.1975146084476759,0.9347333333333336,0.0,0.1889146005854991,0.08847913623179471,-0.23618425585458916
energy_constrained,1009,PPO,120.0,207.8942174844175,0.2985144702313649,0.9350000000000004,0.0,0.038379805011383376,0.13334762834253766,-0.2375495754861047
