scenario,policy,latency_ms_mean,latency_ms_std,device_energy_j_mean,device_energy_j_std,retention_mean,retention_std,violation_rate_mean,violation_rate_std,drop_rate_mean,drop_rate_std,mean_reward_mean,mean_reward_std
burst,Best-constant,1219.882146461268,178.0151558307474,0.11248273883597112,0.0007935606937834608,0.9350000000000003,1.1390647892519134e-16,0.8042136553957244,0.02370520207115282,0.0,0.0,-2.4458292816696128,0.10707240062465442
burst,Cloud-only,1219.882146461268,178.0151558307474,0.11248273883597112,0.0007935606937834608,0.9350000000000003,1.1390647892519134e-16,0.8042136553957244,0.02370520207115282,0.0,0.0,-2.4458292816696128,0.10707240062465442
burst,DQN,143.05189822807614,0.7603700931246433,0.1516316235460598,0.0013783576049648165,0.9332564617451494,3.647055902821325e-05,0.055660566691379844,0.004813077512548582,0.0,0.0,-0.46744436854749016,0.006382731054647886
burst,Edge-only,433.3954982946495,81.72355040644834,0.09370368235743913,0.0006720626979507054,0.9350000000000003,1.1390647892519134e-16,0.6263785790793983,0.07007699323009453,0.0,0.0,-1.6150122633510453,0.20763156157591875
burst,Greedy-myopic,138.52097266873415,0.8885283493443099,0.123013391810432,0.0008945152947252208,0.9341858520731157,3.5641031103476965e-05,0.03254897760854997,0.003824565168497328,0.0,0.0,-0.41084644208997956,0.005695492733908779
burst,Local-only,1876.482932968181,192.85233855596255,0.4269219202210614,0.009638136519889574,0.9350000000000003,1.1390647892519134e-16,0.8518547238814624,0.019073660292117357,0.14504879853374902,0.016334132358033646,-3.4949295817354704,0.10833312446773707
burst,PPO,143.98100408152547,1.174892441509117,0.14384927105517734,0.0014622156487314462,0.9339495699069944,4.589804661499511e-05,0.058399375336278966,0.004758286181346765,0.0,0.0,-0.462362852218604,0.0072735794143793725
burst,PPO-stochastic,146.69323721662198,1.2025217111790365,0.14875699193074682,0.0010311460288385881,0.9338989827132901,3.7836951354876525e-05,0.06817901115932969,0.006073196850537818,0.0,0.0,-0.48212189248345166,0.008825921736831454
burst,Static-rule,2967.1313333519015,285.6938598086149,0.20217898301684661,0.0011428036922252315,0.9310711816095439,1.399990386103565e-05,0.8854069458488623,0.01782965728264576,0.0,0.0,-2.9047273051920266,0.05854441058581481
energy,Best-constant,175.65794537465842,2.2792526120318457,0.11255275030759213,0.0013990953737218678,0.9350000000000003,5.094052599087501e-17,0.1527323370224771,0.01515734320864308,0.0,0.0,-0.6394737795148928,0.02293673064036154
energy,Cloud-only,175.65794537465842,2.2792526120318457,0.11255275030759213,0.0013990953737218678,0.9350000000000003,5.094052599087501e-17,0.1527323370224771,0.01515734320864308,0.0,0.0,-0.6394737795148928,0.02293673064036154
energy,DQN,141.5783297117773,1.2630734957461887,0.1275824898666077,0.001655157558457825,0.9335698935797556,5.975340255644602e-05,0.04130043076870014,0.006091700862764319,0.0006948256140302,0.0017637420932199123,-0.4782283373026083,0.015622499907661742
energy,Edge-only,154.88900911686886,1.2764296353218034,0.09363450917071647,0.001125681599814765,0.9350000000000003,5.094052599087501e-17,0.0861921670450076,0.009996255219647185,0.0,0.0,-0.5027600440150853,0.0140738890617962
energy,Greedy-myopic,135.48058518140363,0.9194892161463298,0.10862807550733371,0.0018055897913533143,0.9341894190739535,6.079585710609646e-05,0.028315544486872575,0.00439580300028904,0.0,0.0,-0.4209583154940497,0.007911215127139118
energy,Local-only,303.24309125617157,6.546795494243278,0.16541608391496657,0.006884452771060316,0.9350000000000003,0.0,0.71458951089858,0.017621017239678977,0.6699274257245867,0.01504822633675032,-4.312383798375729,0.07807588041571184
energy,PPO,137.1427296328703,0.9027250929649274,0.11700697429439404,0.0017169182771892037,0.9339069461677043,6.371774374569415e-05,0.04235643315231274,0.007626590507122816,0.0,0.0,-0.45202697297060823,0.011921047543145064
energy,PPO-stochastic,139.3917689527801,1.3711459592957504,0.1228493883891141,0.0018356057621303863,0.9338973042217875,6.324980056833582e-05,0.04943400185626458,0.008507871417198429,0.00124045989764097,0.002903244348963541,-0.47654304108855977,0.019828910575488697
energy,Static-rule,245.2868479357764,65.81291629046737,0.15493042625414322,0.004672377973759969,0.9324001709267098,0.00012298063380325228,0.33517773725141775,0.07574201688447907,0.04994368228306625,0.025508983852323155,-1.2170235271403516,0.21430287940572684
fluctuation,Best-constant,177.2018110332844,6.727468491753593,0.21036996927552698,0.001782241186856837,0.9310000000000004,8.823157918047844e-17,0.1892212475409561,0.025905140705323192,0.0,0.0,-0.7289609358395124,0.04164889620700663
fluctuation,Cloud-only,215.62459389412544,4.4972894402831916,0.15028575072983513,0.0036151609247488284,0.9350000000000003,5.094052599087501e-17,0.37011213130317516,0.012342573622313696,0.0,0.0,-0.9322705416036607,0.021488606258502286
fluctuation,DQN,138.4966708079061,1.3737594600931085,0.18222530703983775,0.0037004159266987237,0.9330106580180038,5.435638791977848e-05,0.051980223751358676,0.00735510065778646,0.0,0.0,-0.4625797122693866,0.009575484874960084
fluctuation,Edge-only,170.71817248829956,2.162906671266942,0.11114612966342523,0.002312374593292837,0.9350000000000003,5.094052599087501e-17,0.16545064402974322,0.010919859339420275,0.0,0.0,-0.6063353577517512,0.015254064176468051
fluctuation,Greedy-myopic,132.15574692199553,1.5429666990046107,0.1566013722404735,0.004249175598957133,0.9340706033659467,3.964339051505872e-05,0.03560456609066485,0.005274851846497926,0.0,0.0,-0.4106452483520634,0.00747683548551492
fluctuation,Local-only,168.59410924019437,6.307344892045066,0.5103532442794284,0.003994158281920317,0.9350000000000003,5.094052599087501e-17,0.168362716652333,0.02127133373374701,0.001573956886211075,0.0030266581171314016,-0.939621058971008,0.05348413117995701
fluctuation,PPO,134.74504152278817,1.4323558875226143,0.17175381171570145,0.005182077761836744,0.9338175201438365,5.905181350442724e-05,0.04873327916357869,0.008383584337860751,0.0,0.0,-0.4391560793581798,0.010450779075620068
fluctuation,PPO-stochastic,136.94298910619258,1.5055353948396903,0.17533307758297703,0.005182860546543178,0.933794007152121,4.553354806453489e-05,0.055676364572667406,0.00791806250575845,0.0,0.0,-0.45332708276286093,0.010832600051591522
fluctuation,Static-rule,148.69253755797578,5.0492062699703775,0.2740800140108416,0.0070864420991935155,0.933081797624074,9.504247731565781e-05,0.10961141253492993,0.0172273115370242,0.0,0.0,-0.5977225836049957,0.02976747240348849
normal,Best-constant,176.001307023273,2.374783716525524,0.11256238442594506,0.0014907355970991294,0.9350000000000003,5.094052599087501e-17,0.1540478359358329,0.015023913717529168,0.0,0.0,-0.6084045367404753,0.021228382307891015
normal,Cloud-only,176.001307023273,2.374783716525524,0.11256238442594506,0.0014907355970991294,0.9350000000000003,5.094052599087501e-17,0.1540478359358329,0.015023913717529168,0.0,0.0,-0.6084045367404753,0.021228382307891015
normal,DQN,135.7443792655801,0.9807908133594907,0.15055311389483025,0.0027323178919807954,0.9330533928897833,6.43260774438073e-05,0.035794953821446755,0.004914454772953746,0.0,0.0,-0.42525981678420377,0.007848924397232181
normal,Edge-only,155.08671298081705,1.377654801938516,0.09367985660133016,0.0011672485986575381,0.9350000000000003,5.094052599087501e-17,0.08812685483162935,0.011021129397062086,0.0,0.0,-0.4859418991293175,0.015085265582100417
normal,Greedy-myopic,132.61502224016883,0.9847447524499983,0.11735745611238761,0.0024564389054581555,0.934024172812672,5.7856606556412454e-05,0.027558487339674816,0.0041216181911078835,0.0,0.0,-0.38839921243011644,0.0061509583396020025
normal,Local-only,168.59410924019437,6.307344892045066,0.5103532442794284,0.003994158281920317,0.9350000000000003,5.094052599087501e-17,0.168362716652333,0.02127133373374701,0.001573956886211075,0.0030266581171314016,-0.939621058971008,0.05348413117995701
normal,PPO,133.93461613526927,1.1074800636319606,0.13520766928418826,0.002215018339599878,0.933637787094527,6.760457352082312e-05,0.0380570856067075,0.005467712058175272,0.0,0.0,-0.412942085338934,0.007951709513559458
normal,PPO-stochastic,135.93417760781048,1.1607486530363278,0.14337015784585655,0.002533946310793804,0.9336468718902129,6.26460270611528e-05,0.04328657825715473,0.005590899144400912,0.0,0.0,-0.4264149641815475,0.008542165286949507
normal,Static-rule,166.4342334677963,5.657671827177265,0.20203416464866591,0.0017741156241888468,0.9310710120256749,2.146084996588984e-05,0.15111428234910823,0.022888854428150807,0.0,0.0,-0.6606314804782519,0.03630112240419327
