scenario,seed,phase,tasks
burst,1000,recovery,281
burst,1000,burst,816
burst,1001,recovery,276
burst,1001,burst,857
burst,1002,recovery,296
burst,1002,burst,823
burst,1003,recovery,267
burst,1003,burst,803
burst,1004,recovery,298
burst,1004,burst,769
burst,1005,recovery,276
burst,1005,burst,796
burst,1006,recovery,317
burst,1006,burst,797
burst,1007,recovery,299
burst,1007,burst,833
burst,1008,recovery,312
burst,1008,burst,834
burst,1009,recovery,292
burst,1009,burst,780
burst,1010,recovery,313
burst,1010,burst,826
burst,1011,recovery,254
burst,1011,burst,788
burst,1012,recovery,314
burst,1012,burst,806
burst,1013,recovery,325
burst,1013,burst,836
burst,1014,recovery,286
burst,1014,burst,806
burst,1015,recovery,320
burst,1015,burst,821
burst,1016,recovery,299
burst,1016,burst,794
burst,1017,recovery,321
burst,1017,burst,777
burst,1018,recovery,317
burst,1018,burst,784
burst,1019,recovery,256
burst,1019,burst,828
fluctuation,1000,phase_0,270
fluctuation,1000,phase_1,168
fluctuation,1000,phase_2,167
fluctuation,1000,phase_3,157
fluctuation,1001,phase_0,253
fluctuation,1001,phase_1,183
fluctuation,1001,phase_2,168
fluctuation,1001,phase_3,142
fluctuation,1002,phase_0,240
fluctuation,1002,phase_1,156
fluctuation,1002,phase_2,159
fluctuation,1002,phase_3,173
fluctuation,1003,phase_0,249
fluctuation,1003,phase_1,145
fluctuation,1003,phase_2,148
fluctuation,1003,phase_3,146
fluctuation,1004,phase_0,242
fluctuation,1004,phase_1,175
fluctuation,1004,phase_2,142
fluctuation,1004,phase_3,163
fluctuation,1005,phase_0,256
fluctuation,1005,phase_1,151
fluctuation,1005,phase_2,156
fluctuation,1005,phase_3,157
fluctuation,1006,phase_0,226
fluctuation,1006,phase_1,177
fluctuation,1006,phase_2,164
fluctuation,1006,phase_3,165
fluctuation,1007,phase_0,263
fluctuation,1007,phase_1,159
fluctuation,1007,phase_2,165
fluctuation,1007,phase_3,167
fluctuation,1008,phase_0,245
fluctuation,1008,phase_1,172
fluctuation,1008,phase_2,181
fluctuation,1008,phase_3,153
fluctuation,1009,phase_0,247
fluctuation,1009,phase_1,157
fluctuation,1009,phase_2,149
fluctuation,1009,phase_3,166
fluctuation,1010,phase_0,240
fluctuation,1010,phase_1,163
fluctuation,1010,phase_2,166
fluctuation,1010,phase_3,150
fluctuation,1011,phase_0,219
fluctuation,1011,phase_1,156
fluctuation,1011,phase_2,158
fluctuation,1011,phase_3,125
fluctuation,1012,phase_0,248
fluctuation,1012,phase_1,173
fluctuation,1012,phase_2,181
fluctuation,1012,phase_3,174
fluctuation,1013,phase_0,253
fluctuation,1013,phase_1,159
fluctuation,1013,phase_2,173
fluctuation,1013,phase_3,178
fluctuation,1014,phase_0,222
fluctuation,1014,phase_1,189
fluctuation,1014,phase_2,145
fluctuation,1014,phase_3,155
fluctuation,1015,phase_0,238
fluctuation,1015,phase_1,183
fluctuation,1015,phase_2,153
fluctuation,1015,phase_3,170
fluctuation,1016,phase_0,206
fluctuation,1016,phase_1,177
fluctuation,1016,phase_2,155
fluctuation,1016,phase_3,166
fluctuation,1017,phase_0,229
fluctuation,1017,phase_1,163
fluctuation,1017,phase_2,177
fluctuation,1017,phase_3,168
fluctuation,1018,phase_0,213
fluctuation,1018,phase_1,171
fluctuation,1018,phase_2,167
fluctuation,1018,phase_3,147
fluctuation,1019,phase_0,236
fluctuation,1019,phase_1,172
fluctuation,1019,phase_2,135
fluctuation,1019,phase_3,135
