parameter,value,policy,training_rep,eval_seed,tasks,latency_ms,device_energy_j,retention,violation_rate,drop_rate,mean_reward,depletion,policy_entropy,unique_actions
arrival_scale,0.75,PPO,0,1100,540.0,129.91846469575367,0.1367603269538046,0.9332962962962964,0.0277777777777777,0.0,-0.3905978561621225,0.1538553678230301,0.851819431340253,6.0
arrival_scale,0.75,PPO,0,1101,527.0,129.02235979934213,0.1380068405608774,0.933125237191651,0.0303605313092979,0.0,-0.3982238363631458,0.1515200103657967,0.8329667395132768,6.0
arrival_scale,0.75,PPO,0,1102,510.0,129.23695771250664,0.1385467771410872,0.933172549019608,0.0352941176470588,0.0,-0.4041091838823686,0.147205950712405,0.813691836412923,6.0
arrival_scale,0.75,PPO,0,1103,516.0,130.50910859414054,0.1380359666661332,0.9332403100775196,0.0503875968992248,0.0,-0.4305189632897784,0.1483886641660932,0.842647175542837,6.0
arrival_scale,0.75,PPO,0,1104,547.0,131.82164517803528,0.1382882037123681,0.933288848263254,0.0274223034734917,0.0,-0.3970798079200899,0.1575909321472192,0.8374965427344634,6.0
arrival_scale,0.75,PPO,1,1100,540.0,133.0487093268728,0.1216633332767289,0.933688888888889,0.0296296296296296,0.0,-0.3897833340625765,0.13687124993632,0.7450333182182577,6.0
arrival_scale,0.75,PPO,1,1101,527.0,131.64705098529964,0.1232313235660547,0.9335275142314992,0.0303605313092979,0.0,-0.3948427785428494,0.1352977239985643,0.7393081284550495,6.0
arrival_scale,0.75,PPO,1,1102,510.0,132.40987662325574,0.1256253270004036,0.933580392156863,0.0372549019607843,0.0,-0.4043074863621786,0.1334769099379287,0.7228015965800367,6.0
arrival_scale,0.75,PPO,1,1103,516.0,132.7294020090794,0.1246139975836873,0.933527131782946,0.0542635658914728,0.0,-0.4323100203106292,0.1339600474024638,0.7390760275564163,6.0
arrival_scale,0.75,PPO,1,1104,547.0,134.67810618188304,0.1221535662068411,0.9336471663619744,0.0292504570383912,0.0,-0.3956770654896865,0.1392041681565461,0.7363184413768801,6.0
arrival_scale,0.75,PPO,2,1100,540.0,133.1564691889785,0.1477131498793903,0.933814814814815,0.0296296296296296,0.0,-0.3977152511111042,0.1661772936143141,0.8271666515204642,7.0
arrival_scale,0.75,PPO,2,1101,527.0,131.9201248684766,0.1408783217229319,0.9336413662239093,0.032258064516129,0.0,-0.4025747713890369,0.1546726573916357,0.8233487924147376,6.0
arrival_scale,0.75,PPO,2,1102,510.0,132.2678329097013,0.1433934972655686,0.9335960784313728,0.0392156862745098,0.0,-0.4124253293261073,0.1523555908446664,0.8004528000037752,6.0
arrival_scale,0.75,PPO,2,1103,516.0,132.52051964478562,0.1413018201137289,0.9336356589147288,0.0523255813953488,0.0,-0.4343614210040449,0.1518994566222585,0.8052415269131,7.0
arrival_scale,0.75,PPO,2,1104,547.0,134.73782851146487,0.1408386715606436,0.9336983546617916,0.0274223034734917,0.0,-0.4006185870121194,0.1604974027993166,0.8177464459316168,7.0
arrival_scale,0.75,DQN,0,1100,540.0,134.12907803213895,0.1520625639260866,0.9329407407407408,0.0203703703703703,0.0,-0.3989293231796384,0.1710703844168473,,8.0
arrival_scale,0.75,DQN,0,1101,527.0,131.5867211778175,0.154140111204078,0.932821631878558,0.032258064516129,0.0,-0.4132490447342506,0.1692329970928106,,8.0
arrival_scale,0.75,DQN,0,1102,510.0,131.5366617166977,0.151651684161879,0.9327960784313728,0.0352941176470588,0.0,-0.4161154584607326,0.1611299144219966,,9.0
arrival_scale,0.75,DQN,0,1103,516.0,132.38768882942074,0.1574781339574359,0.93277519379845,0.0465116279069767,0.0,-0.4408470979120804,0.1692889940042434,,8.0
arrival_scale,0.75,DQN,0,1104,547.0,134.8780186193788,0.1542273400747539,0.9328574040219378,0.0237659963436928,0.0,-0.4081498493108782,0.1757549062935217,,9.0
arrival_scale,0.75,DQN,1,1100,540.0,134.83355461483586,0.1629969840085745,0.932303703703704,0.0333333333333333,0.0,-0.4254670799001186,0.1833716070096464,,8.0
arrival_scale,0.75,DQN,1,1101,527.0,132.86314141604785,0.1626565781252801,0.9322068311195448,0.0379506641366223,0.0,-0.4316556284768779,0.1785833680667137,,8.0
arrival_scale,0.75,DQN,1,1102,510.0,133.50364381220615,0.164482603884062,0.9322313725490198,0.0411764705882352,0.0,-0.4374282184455193,0.174762766626816,,8.0
arrival_scale,0.75,DQN,1,1103,516.0,134.12501473117024,0.1660928510747247,0.9321937984496126,0.0484496124031007,0.0,-0.457159868530651,0.1785498149053289,,9.0
arrival_scale,0.75,DQN,1,1104,547.0,135.15432615391953,0.1643483354185095,0.9322797074954298,0.0347349177330895,0.0,-0.4303218843368315,0.1872886239040097,,8.0
arrival_scale,0.75,DQN,2,1100,540.0,137.75165611380712,0.1393429315141497,0.934014814814815,0.0277777777777777,0.0,-0.3981363843679144,0.1567607979534183,,7.0
arrival_scale,0.75,DQN,2,1101,527.0,136.73722991072574,0.1418130650640241,0.933899430740038,0.0303605313092979,0.0,-0.4060555127093602,0.1556989276848763,,7.0
arrival_scale,0.75,DQN,2,1102,510.0,136.94705527356902,0.1467209285345167,0.933901960784314,0.0352941176470588,0.0,-0.4147624784903355,0.1558909865679238,,7.0
arrival_scale,0.75,DQN,2,1103,516.0,137.5917551628477,0.1488438749685406,0.9337674418604652,0.0581395348837209,0.0,-0.4508794597958201,0.1600071655911809,,7.0
arrival_scale,0.75,DQN,2,1104,547.0,139.77701160867716,0.146516222971325,0.9340347349177331,0.0292504570383912,0.0,-0.4095813135354196,0.1669674457610724,,7.0
arrival_scale,1.0,PPO,0,1100,714.0,131.34879693601883,0.1387913169729143,0.9333025210084036,0.0280112044817927,0.0,-0.3975224178833785,0.2064520839972099,0.8857088625764981,6.0
arrival_scale,1.0,PPO,0,1101,722.0,131.00193180216783,0.1351178334694322,0.9332825484764544,0.038781163434903,0.0,-0.4136195176284847,0.2032397411769377,0.8716414448833532,6.0
arrival_scale,1.0,PPO,0,1102,684.0,131.62432221659589,0.1386544483451103,0.9333157894736844,0.0365497076023391,0.0,-0.4091857941182769,0.1975825888917819,0.8594823310271515,6.0
arrival_scale,1.0,PPO,0,1103,695.0,132.08167590607968,0.1372893137931825,0.9333309352517988,0.0474820143884892,0.0,-0.4297720941207251,0.1987834855963787,0.8831530117838503,6.0
arrival_scale,1.0,PPO,0,1104,730.0,132.6495680375656,0.1387099007578529,0.9332849315068494,0.0301369863013698,0.0,-0.4044093484641057,0.2109546407359011,0.8765025641871234,6.0
arrival_scale,1.0,PPO,1,1100,714.0,134.8972642197788,0.1232090699133604,0.9337170868347342,0.0350140056022409,0.0,-0.4019864888499591,0.1832734914961233,0.782439414928315,7.0
arrival_scale,1.0,PPO,1,1101,722.0,133.99654418761088,0.1239196008922476,0.9336481994459834,0.0401662049861495,0.0,-0.4137201097751765,0.1863957330087557,0.7757057704320409,6.0
arrival_scale,1.0,PPO,1,1102,684.0,135.00553092739105,0.1253510338050247,0.9337076023391814,0.0380116959064327,0.0,-0.4093618841880601,0.17862522317216,0.7647728598213683,7.0
arrival_scale,1.0,PPO,1,1103,695.0,135.08034600147818,0.1227618140974094,0.9336705035971226,0.0517985611510791,0.0,-0.4322987897030707,0.177748876661874,0.7859720612333404,6.0
arrival_scale,1.0,PPO,1,1104,730.0,135.7916007338525,0.1232330319793431,0.9337616438356168,0.0273972602739726,0.0,-0.3970798659979778,0.1874169028019177,0.7768605515411864,7.0
arrival_scale,1.0,PPO,2,1100,714.0,134.23860050555237,0.1484541217794524,0.933823529411765,0.0322128851540616,0.0,-0.4066078210261987,0.2208255061469355,0.877022348375631,6.0
arrival_scale,1.0,PPO,2,1101,722.0,133.20686199082238,0.1465696291589206,0.9337479224376732,0.0415512465373961,0.0,-0.4213318592009249,0.2204651505265433,0.8717772542573822,7.0
arrival_scale,1.0,PPO,2,1102,684.0,134.29299332038585,0.1462242606297311,0.9337543859649124,0.0409356725146198,0.0,-0.4181926782814981,0.2083695713973666,0.8546097876547635,7.0
arrival_scale,1.0,PPO,2,1103,695.0,134.2947620414975,0.1447975790630208,0.9337741007194246,0.0517985611510791,0.0,-0.4378211116049639,0.2096548280183321,0.8787152964166172,7.0
arrival_scale,1.0,PPO,2,1104,730.0,136.1734813255264,0.1434403805565016,0.9338054794520548,0.0356164383561643,0.0,-0.4147958679470315,0.218148912096346,0.8897561769269101,8.0
arrival_scale,1.0,DQN,0,1100,714.0,133.80896230282238,0.1536658723787366,0.9328207282913168,0.0280112044817927,0.0,-0.4122620308929666,0.2285779851633707,,8.0
arrival_scale,1.0,DQN,0,1101,722.0,132.4715237034095,0.153848320220974,0.9328171745152356,0.0346260387811634,0.0,-0.4232384474945551,0.2314135149990484,,9.0
arrival_scale,1.0,DQN,0,1102,684.0,134.92005704516032,0.1544110412072175,0.9328538011695908,0.0321637426900584,0.0,-0.4206349125419023,0.2200357337202851,,9.0
arrival_scale,1.0,DQN,0,1103,695.0,132.82616030991093,0.1554377144393471,0.9327669064748204,0.0402877697841726,0.0,-0.4356603855320776,0.2250608573653041,,9.0
arrival_scale,1.0,DQN,0,1104,730.0,135.30722538887912,0.1528803240964633,0.9329342465753426,0.0315068493150684,0.0,-0.418983646780279,0.2325054928967046,,8.0
arrival_scale,1.0,DQN,1,1100,714.0,134.63361115846274,0.1621105980808234,0.9322773109243698,0.0294117647058823,0.0,-0.4253176492940974,0.2411395146452251,,8.0
arrival_scale,1.0,DQN,1,1101,722.0,134.1868814343179,0.1589940970528955,0.9324238227146816,0.0429362880886426,0.0,-0.4429153357734293,0.2391536209837304,,8.0
arrival_scale,1.0,DQN,1,1102,684.0,135.48323943835155,0.1604250050956634,0.9323976608187134,0.0365497076023391,0.0,-0.4344944927348791,0.2286056322613203,,8.0
arrival_scale,1.0,DQN,1,1103,695.0,133.83463431017836,0.1619761670670721,0.9323467625899284,0.0460431654676259,0.0,-0.4517198593657144,0.2345279918991979,,8.0
arrival_scale,1.0,DQN,1,1104,730.0,136.41478064516568,0.1567955405283229,0.9324520547945208,0.0397260273972602,0.0,-0.4372538612888142,0.2384598845534912,,8.0
arrival_scale,1.0,DQN,2,1100,714.0,139.0533168549909,0.1394814403899404,0.93403081232493,0.0336134453781512,0.0,-0.4104001302751144,0.2074786425800359,,7.0
arrival_scale,1.0,DQN,2,1101,722.0,137.63613793902263,0.1417857806827785,0.9339362880886428,0.0401662049861495,0.0,-0.4237009820307223,0.2132694451103461,,7.0
arrival_scale,1.0,DQN,2,1102,684.0,139.37243982371797,0.1435811840092884,0.9339298245614036,0.0365497076023391,0.0,-0.4197814606552364,0.2046031872132359,,7.0
arrival_scale,1.0,DQN,2,1103,695.0,138.6292168979857,0.1471748940506243,0.9338719424460434,0.0546762589928057,0.0,-0.4484778059591128,0.2130969820107995,,7.0
arrival_scale,1.0,DQN,2,1104,730.0,140.2526286843664,0.1403269920073791,0.9339753424657536,0.0342465753424657,0.0,-0.4163463142640635,0.2134139670112224,,7.0
arrival_scale,1.25,PPO,0,1100,894.0,133.77379158456128,0.1382568636937838,0.9335011185682328,0.029082774049217,0.0,-0.4011534573250019,0.2575034086296722,0.9184431641860564,6.0
arrival_scale,1.25,PPO,0,1101,896.0,133.93672875298233,0.136527934812526,0.9333928571428574,0.0390625,0.0,-0.422239799078995,0.254852144983382,0.916085028854598,6.0
arrival_scale,1.25,PPO,0,1102,881.0,133.84243975134638,0.1369864632774975,0.9334517593643588,0.039727582292849,0.0,-0.4167769544608969,0.2514272378072399,0.912773058165148,6.0
arrival_scale,1.25,PPO,0,1103,888.0,134.7970582424979,0.137855778996819,0.9334234234234235,0.0506756756756756,0.0,-0.439158005536211,0.2550331911441149,0.923194723027582,6.0
arrival_scale,1.25,PPO,0,1104,923.0,134.77957186924954,0.1381026294632189,0.933431202600217,0.0368364030335861,0.0,-0.4160557660442227,0.2655598479053146,0.9205918803181448,7.0
arrival_scale,1.25,PPO,1,1100,894.0,136.35148715250432,0.1245755339420527,0.9337874720357944,0.0346756152125279,0.0,-0.4040587788571611,0.2320219319670731,0.8094613763109949,7.0
arrival_scale,1.25,PPO,1,1101,896.0,136.64585894877123,0.1244586988319685,0.933714285714286,0.0401785714285714,0.0,-0.4212031400732219,0.2323229044863415,0.819787991769512,7.0
arrival_scale,1.25,PPO,1,1102,881.0,136.82890132400237,0.1234968943765378,0.9337968217934168,0.0488081725312145,0.0,-0.4236719595523437,0.2266682582202706,0.8156035909467249,7.0
arrival_scale,1.25,PPO,1,1103,888.0,137.02548101653176,0.123677585187733,0.9338063063063066,0.054054054054054,0.0,-0.4381801020949274,0.2288035325973059,0.8191906765443147,6.0
arrival_scale,1.25,PPO,1,1104,923.0,137.5211996654485,0.1259255032360008,0.9338559046587216,0.0390032502708559,0.0,-0.4147051155585102,0.2421442489308934,0.8200793228680238,7.0
arrival_scale,1.25,PPO,2,1100,894.0,136.72989085535792,0.1509783924133072,0.9340022371364656,0.0357941834451901,0.0,-0.4152478321897553,0.2811972558697847,0.9244607894762652,8.0
arrival_scale,1.25,PPO,2,1101,896.0,136.12334653360855,0.149398619980219,0.9338839285714288,0.0424107142857142,0.0,-0.43156496761031,0.2788774239630756,0.9355986044060306,8.0
arrival_scale,1.25,PPO,2,1102,881.0,135.53434914436832,0.1488693971759301,0.9339057888762772,0.0499432463110102,0.0,-0.4314547598598976,0.2732373727333215,0.925072531352215,8.0
arrival_scale,1.25,PPO,2,1103,888.0,137.19877300227097,0.1463611991395731,0.933855855855856,0.054054054054054,0.0,-0.4474752620796534,0.2707682184082103,0.9437444914669336,8.0
arrival_scale,1.25,PPO,2,1104,923.0,137.86163948559968,0.14553074544611,0.933929577464789,0.0422535211267605,0.0,-0.4269857093075916,0.279843495930749,0.9448205468528384,8.0
arrival_scale,1.25,DQN,0,1100,894.0,135.2020150790203,0.1485286284317173,0.932901565995526,0.0268456375838926,0.0,-0.4107307799875663,0.2766345704540734,,9.0
arrival_scale,1.25,DQN,0,1101,896.0,134.39337897516074,0.1514207281477641,0.9328348214285715,0.0334821428571428,0.0,-0.4276992560279259,0.2826520258758259,,9.0
arrival_scale,1.25,DQN,0,1102,881.0,135.2293106050196,0.1493295662436874,0.9328660612939844,0.0363223609534619,0.0,-0.4254489585922814,0.2740819747097682,,9.0
arrival_scale,1.25,DQN,0,1103,888.0,134.69389991181436,0.1557979650455114,0.9327432432432434,0.0371621621621621,0.0,-0.4388665309659499,0.2882262353341956,,8.0
arrival_scale,1.25,DQN,0,1104,923.0,135.9226035258988,0.1540207740921487,0.9329154929577468,0.0335861321776814,0.0,-0.4257650124791735,0.296169113514695,,8.0
arrival_scale,1.25,DQN,1,1100,894.0,136.32204957055683,0.1595799716907851,0.9324272930648771,0.0302013422818791,0.0,-0.4279103097405436,0.2972176972740875,,8.0
arrival_scale,1.25,DQN,1,1101,896.0,136.45016113680606,0.1587804030735042,0.9325357142857146,0.0435267857142857,0.0,-0.4501611522216034,0.2963900857372075,,8.0
arrival_scale,1.25,DQN,1,1102,881.0,135.8568947386591,0.1593293642970971,0.932534619750284,0.0385925085130533,0.0,-0.4382689241845952,0.2924357707202971,,8.0
arrival_scale,1.25,DQN,1,1103,888.0,135.54219927962413,0.1588263208322991,0.9324369369369372,0.0472972972972973,0.0,-0.4570633347431503,0.2938286935397529,,8.0
arrival_scale,1.25,DQN,1,1104,923.0,136.64623662901255,0.1577422758406232,0.9324691224268692,0.0411700975081256,0.0,-0.4425586650823088,0.303325251251865,,9.0
arrival_scale,1.25,DQN,2,1100,894.0,139.74968062588445,0.1389152120956026,0.9340380313199108,0.0357941834451901,0.0,-0.4142780688188429,0.2587295825280596,,7.0
arrival_scale,1.25,DQN,2,1101,896.0,139.2854197185273,0.1450286627742958,0.9339062500000004,0.0446428571428571,0.0,-0.4362720073316116,0.2707201705120188,,7.0
arrival_scale,1.25,DQN,2,1102,881.0,139.61020243819166,0.1408202389642773,0.9339421112372308,0.0454029511918274,0.0,-0.4296809905058807,0.2584638135990171,,7.0
arrival_scale,1.25,DQN,2,1103,888.0,139.19308037139257,0.1449571420215396,0.933783783783784,0.0574324324324324,0.0,-0.4540227346660891,0.2681707127398476,,7.0
arrival_scale,1.25,DQN,2,1104,923.0,140.85894252507666,0.1416863382572512,0.9339945828819072,0.0390032502708559,0.0,-0.4251949289662505,0.2724510212738396,,7.0
bandwidth_scale,0.7,PPO,0,1100,714.0,148.28000558436986,0.1640606844683712,0.9333865546218488,0.0532212885154061,0.0,-0.4700923274517903,0.2440402681467026,0.8771823737092045,6.0
bandwidth_scale,0.7,PPO,0,1101,722.0,147.6127454915119,0.1660755521857008,0.9333767313019392,0.0623268698060941,0.0,-0.48747707137491,0.2498053097459918,0.8678256973128899,7.0
bandwidth_scale,0.7,PPO,0,1102,684.0,149.20621125575084,0.1633518394688189,0.9333274853801172,0.067251461988304,0.0,-0.4892465394000223,0.2327763712430672,0.8636395952920293,7.0
bandwidth_scale,0.7,PPO,0,1103,695.0,149.35590400919546,0.1622254830911267,0.933336690647482,0.0762589928057553,0.0,-0.5087782892753144,0.2348889807256939,0.88603710102306,7.0
bandwidth_scale,0.7,PPO,0,1104,730.0,150.54012489381356,0.1626296567367111,0.9334164383561644,0.0643835616438356,0.0,-0.4875526989454491,0.2473326029537482,0.8820933659063422,6.0
bandwidth_scale,0.7,PPO,1,1100,714.0,153.75279459471872,0.1552861396460912,0.9337507002801122,0.0630252100840336,0.0,-0.4844669602441225,0.2309881327235607,0.7891003462989458,7.0
bandwidth_scale,0.7,PPO,1,1101,722.0,152.8048705142018,0.1541167102186304,0.9337146814404436,0.0761772853185595,0.0,-0.5047337957410148,0.23181721828719,0.7961954570419241,7.0
bandwidth_scale,0.7,PPO,1,1102,684.0,154.19418422529606,0.1561518542897148,0.9337251461988306,0.0730994152046783,0.0,-0.4992469397846111,0.2225163923628437,0.7822243754387076,7.0
bandwidth_scale,0.7,PPO,1,1103,695.0,153.98054673823071,0.1526511753836681,0.9337856115107916,0.0935251798561151,0.0,-0.5287316398291155,0.2210261810242696,0.803326926424617,8.0
bandwidth_scale,0.7,PPO,1,1104,730.0,156.20830104882637,0.1558520800510006,0.9338383561643836,0.0780821917808219,0.0,-0.5064728688938017,0.2370250384108969,0.7870511038662636,7.0
bandwidth_scale,0.7,PPO,2,1100,714.0,151.397573756086,0.1751167375725327,0.933873949579832,0.0644257703081232,0.0,-0.4880541098552624,0.2604861471391427,0.8923093234645385,8.0
bandwidth_scale,0.7,PPO,2,1101,722.0,149.62546150242738,0.174333470000272,0.9337590027700832,0.0678670360110803,0.0,-0.4968380994657457,0.2622265944587427,0.882038794968721,8.0
bandwidth_scale,0.7,PPO,2,1102,684.0,151.5299822403793,0.1761686385616371,0.933842105263158,0.0701754385964912,0.0,-0.4971106388038291,0.251040309950333,0.867366559212559,8.0
bandwidth_scale,0.7,PPO,2,1103,695.0,151.20111956376743,0.1769585959638153,0.9338604316546764,0.0877697841726618,0.0,-0.5257479619457873,0.256221300405941,0.8971973314559717,8.0
bandwidth_scale,0.7,PPO,2,1104,730.0,153.7147742620571,0.1728202280559634,0.933882191780822,0.0684931506849315,0.0,-0.4983722228828025,0.2628307635017775,0.9045658301306914,8.0
bandwidth_scale,0.7,DQN,0,1100,714.0,150.44528515275263,0.1811094337233331,0.9327310924369748,0.0588235294117647,0.0,-0.4924045684249721,0.2694002826634581,,8.0
bandwidth_scale,0.7,DQN,0,1101,722.0,148.18238745611168,0.179145811761192,0.9326952908587258,0.0595567867036011,0.0,-0.4959477039121951,0.2694651585241268,,8.0
bandwidth_scale,0.7,DQN,0,1102,684.0,151.59145261879965,0.1802507643315227,0.932777777777778,0.0599415204678362,0.0,-0.4969770197984527,0.25685733917242,,9.0
bandwidth_scale,0.7,DQN,0,1103,695.0,149.06770293181592,0.1834757198564739,0.9326402877697844,0.0820143884892086,0.0,-0.5284817886915587,0.2656575527088529,,8.0
bandwidth_scale,0.7,DQN,0,1104,730.0,151.89569353727413,0.1818227770493247,0.9327589041095892,0.0712328767123287,0.0,-0.5109055393542646,0.2765221400958482,,9.0
bandwidth_scale,0.7,DQN,1,1100,714.0,149.06349998504524,0.1836790073782192,0.9323221288515408,0.057422969187675,0.0,-0.495441697660449,0.2732225234751013,,8.0
bandwidth_scale,0.7,DQN,1,1101,722.0,148.78906980503982,0.1827133420678958,0.9324293628808864,0.0650969529085872,0.0,-0.5091298797599512,0.2748313186937934,,8.0
bandwidth_scale,0.7,DQN,1,1102,684.0,149.78822573730247,0.1827027952653506,0.9324093567251462,0.0614035087719298,0.0,-0.501427766608281,0.2603514832531248,,8.0
bandwidth_scale,0.7,DQN,1,1103,695.0,148.13781129012443,0.1868485746436603,0.9323352517985612,0.0762589928057553,0.0,-0.5269518997578827,0.2705411653694662,,8.0
bandwidth_scale,0.7,DQN,1,1104,730.0,151.25046524810273,0.1823127665952271,0.932468493150685,0.0657534246575342,0.0,-0.507788882467493,0.277267332530241,,8.0
bandwidth_scale,0.7,DQN,2,1100,714.0,159.7019628768472,0.1749267148942959,0.9339579831932776,0.072829131652661,0.0,-0.511456998379098,0.2602034884052653,,7.0
bandwidth_scale,0.7,DQN,2,1101,722.0,158.46524508906737,0.1776027823582197,0.9338476454293628,0.0817174515235457,0.0,-0.5292899194544122,0.2671441851304891,,7.0
bandwidth_scale,0.7,DQN,2,1102,684.0,160.49543587703903,0.1761791419023848,0.933964912280702,0.0760233918128654,0.0,-0.5197042660163758,0.2510552772108985,,7.0
bandwidth_scale,0.7,DQN,2,1103,695.0,158.2711632045359,0.1796164287970223,0.9338316546762592,0.0964028776978417,0.0,-0.5499203193443772,0.2600696208623549,,7.0
bandwidth_scale,0.7,DQN,2,1104,730.0,161.24480701256255,0.1781740878919755,0.9339808219178084,0.0794520547945205,0.0,-0.5243936840468404,0.2709730920023796,,7.0
bandwidth_scale,1.0,PPO,0,1100,714.0,131.34879693601883,0.1387913169729143,0.9333025210084036,0.0280112044817927,0.0,-0.3975224178833785,0.2064520839972099,0.8857088625764981,6.0
bandwidth_scale,1.0,PPO,0,1101,722.0,131.00193180216783,0.1351178334694322,0.9332825484764544,0.038781163434903,0.0,-0.4136195176284847,0.2032397411769377,0.8716414448833532,6.0
bandwidth_scale,1.0,PPO,0,1102,684.0,131.62432221659589,0.1386544483451103,0.9333157894736844,0.0365497076023391,0.0,-0.4091857941182769,0.1975825888917819,0.8594823310271515,6.0
bandwidth_scale,1.0,PPO,0,1103,695.0,132.08167590607968,0.1372893137931825,0.9333309352517988,0.0474820143884892,0.0,-0.4297720941207251,0.1987834855963787,0.8831530117838503,6.0
bandwidth_scale,1.0,PPO,0,1104,730.0,132.6495680375656,0.1387099007578529,0.9332849315068494,0.0301369863013698,0.0,-0.4044093484641057,0.2109546407359011,0.8765025641871234,6.0
bandwidth_scale,1.0,PPO,1,1100,714.0,134.8972642197788,0.1232090699133604,0.9337170868347342,0.0350140056022409,0.0,-0.4019864888499591,0.1832734914961233,0.782439414928315,7.0
bandwidth_scale,1.0,PPO,1,1101,722.0,133.99654418761088,0.1239196008922476,0.9336481994459834,0.0401662049861495,0.0,-0.4137201097751765,0.1863957330087557,0.7757057704320409,6.0
bandwidth_scale,1.0,PPO,1,1102,684.0,135.00553092739105,0.1253510338050247,0.9337076023391814,0.0380116959064327,0.0,-0.4093618841880601,0.17862522317216,0.7647728598213683,7.0
bandwidth_scale,1.0,PPO,1,1103,695.0,135.08034600147818,0.1227618140974094,0.9336705035971226,0.0517985611510791,0.0,-0.4322987897030707,0.177748876661874,0.7859720612333404,6.0
bandwidth_scale,1.0,PPO,1,1104,730.0,135.7916007338525,0.1232330319793431,0.9337616438356168,0.0273972602739726,0.0,-0.3970798659979778,0.1874169028019177,0.7768605515411864,7.0
bandwidth_scale,1.0,PPO,2,1100,714.0,134.23860050555237,0.1484541217794524,0.933823529411765,0.0322128851540616,0.0,-0.4066078210261987,0.2208255061469355,0.877022348375631,6.0
bandwidth_scale,1.0,PPO,2,1101,722.0,133.20686199082238,0.1465696291589206,0.9337479224376732,0.0415512465373961,0.0,-0.4213318592009249,0.2204651505265433,0.8717772542573822,7.0
bandwidth_scale,1.0,PPO,2,1102,684.0,134.29299332038585,0.1462242606297311,0.9337543859649124,0.0409356725146198,0.0,-0.4181926782814981,0.2083695713973666,0.8546097876547635,7.0
bandwidth_scale,1.0,PPO,2,1103,695.0,134.2947620414975,0.1447975790630208,0.9337741007194246,0.0517985611510791,0.0,-0.4378211116049639,0.2096548280183321,0.8787152964166172,7.0
bandwidth_scale,1.0,PPO,2,1104,730.0,136.1734813255264,0.1434403805565016,0.9338054794520548,0.0356164383561643,0.0,-0.4147958679470315,0.218148912096346,0.8897561769269101,8.0
bandwidth_scale,1.0,DQN,0,1100,714.0,133.80896230282238,0.1536658723787366,0.9328207282913168,0.0280112044817927,0.0,-0.4122620308929666,0.2285779851633707,,8.0
bandwidth_scale,1.0,DQN,0,1101,722.0,132.4715237034095,0.153848320220974,0.9328171745152356,0.0346260387811634,0.0,-0.4232384474945551,0.2314135149990484,,9.0
bandwidth_scale,1.0,DQN,0,1102,684.0,134.92005704516032,0.1544110412072175,0.9328538011695908,0.0321637426900584,0.0,-0.4206349125419023,0.2200357337202851,,9.0
bandwidth_scale,1.0,DQN,0,1103,695.0,132.82616030991093,0.1554377144393471,0.9327669064748204,0.0402877697841726,0.0,-0.4356603855320776,0.2250608573653041,,9.0
bandwidth_scale,1.0,DQN,0,1104,730.0,135.30722538887912,0.1528803240964633,0.9329342465753426,0.0315068493150684,0.0,-0.418983646780279,0.2325054928967046,,8.0
bandwidth_scale,1.0,DQN,1,1100,714.0,134.63361115846274,0.1621105980808234,0.9322773109243698,0.0294117647058823,0.0,-0.4253176492940974,0.2411395146452251,,8.0
bandwidth_scale,1.0,DQN,1,1101,722.0,134.1868814343179,0.1589940970528955,0.9324238227146816,0.0429362880886426,0.0,-0.4429153357734293,0.2391536209837304,,8.0
bandwidth_scale,1.0,DQN,1,1102,684.0,135.48323943835155,0.1604250050956634,0.9323976608187134,0.0365497076023391,0.0,-0.4344944927348791,0.2286056322613203,,8.0
bandwidth_scale,1.0,DQN,1,1103,695.0,133.83463431017836,0.1619761670670721,0.9323467625899284,0.0460431654676259,0.0,-0.4517198593657144,0.2345279918991979,,8.0
bandwidth_scale,1.0,DQN,1,1104,730.0,136.41478064516568,0.1567955405283229,0.9324520547945208,0.0397260273972602,0.0,-0.4372538612888142,0.2384598845534912,,8.0
bandwidth_scale,1.0,DQN,2,1100,714.0,139.0533168549909,0.1394814403899404,0.93403081232493,0.0336134453781512,0.0,-0.4104001302751144,0.2074786425800359,,7.0
bandwidth_scale,1.0,DQN,2,1101,722.0,137.63613793902263,0.1417857806827785,0.9339362880886428,0.0401662049861495,0.0,-0.4237009820307223,0.2132694451103461,,7.0
bandwidth_scale,1.0,DQN,2,1102,684.0,139.37243982371797,0.1435811840092884,0.9339298245614036,0.0365497076023391,0.0,-0.4197814606552364,0.2046031872132359,,7.0
bandwidth_scale,1.0,DQN,2,1103,695.0,138.6292168979857,0.1471748940506243,0.9338719424460434,0.0546762589928057,0.0,-0.4484778059591128,0.2130969820107995,,7.0
bandwidth_scale,1.0,DQN,2,1104,730.0,140.2526286843664,0.1403269920073791,0.9339753424657536,0.0342465753424657,0.0,-0.4163463142640635,0.2134139670112224,,7.0
bandwidth_scale,1.3,PPO,0,1100,714.0,123.54505918405836,0.1263822674212028,0.9333137254901962,0.0210084033613445,0.0,-0.3680151884573008,0.1879936227890389,0.8861640706157484,6.0
bandwidth_scale,1.3,PPO,0,1101,722.0,123.48125293521028,0.1226588310242104,0.9332603878116346,0.0304709141274238,0.0,-0.3833599259391337,0.1844993249989165,0.8716461604610705,6.0
bandwidth_scale,1.3,PPO,0,1102,684.0,122.93426525876468,0.1255181656020124,0.9332748538011698,0.0321637426900584,0.0,-0.3807262517804237,0.1788633859828675,0.8594200314507324,6.0
bandwidth_scale,1.3,PPO,0,1103,695.0,124.03800143884403,0.124548087660273,0.9332561151079136,0.0388489208633093,0.0,-0.3983283145985558,0.1803352519247704,0.8814022127351315,6.0
bandwidth_scale,1.3,PPO,0,1104,730.0,124.3548679090572,0.1246156472088995,0.9332904109589044,0.0232876712328767,0.0,-0.3732278815900405,0.1895196301302012,0.8789865548071796,6.0
bandwidth_scale,1.3,PPO,1,1100,714.0,125.94663660784104,0.1062898718176029,0.9337058823529414,0.0224089635854341,0.0,-0.3630779991964856,0.1581061843286844,0.7736041079058784,6.0
bandwidth_scale,1.3,PPO,1,1101,722.0,124.58582230090552,0.1085260193318672,0.9335706371191136,0.0304709141274238,0.0,-0.3773560403438371,0.163241220745017,0.7648668225926871,6.0
bandwidth_scale,1.3,PPO,1,1102,684.0,125.03729738824062,0.1085001928271586,0.9336374269005848,0.0292397660818713,0.0,-0.3724892637394703,0.1546127747787007,0.7503542571998479,6.0
bandwidth_scale,1.3,PPO,1,1103,695.0,125.12426712894232,0.1078846556194408,0.933653237410072,0.0388489208633093,0.0,-0.3905920936544134,0.1562079909489819,0.771118349421153,6.0
bandwidth_scale,1.3,PPO,1,1104,730.0,126.78751553607276,0.1074293720652646,0.9336794520547947,0.0191780821917808,0.0,-0.3633116792980892,0.1633821700159231,0.7665529655011958,6.0
bandwidth_scale,1.3,PPO,2,1100,714.0,126.83245988811272,0.1336507549985489,0.9338291316526612,0.0252100840336134,0.0,-0.3769983711336189,0.1988054980603413,0.8653402661315116,6.0
bandwidth_scale,1.3,PPO,2,1101,722.0,125.46659205722096,0.1285060194367033,0.9336814404432132,0.0318559556786703,0.0,-0.3869852930081177,0.1932944709027079,0.8634794795746371,7.0
bandwidth_scale,1.3,PPO,2,1102,684.0,126.22160761742028,0.1322483194718547,0.9337309941520467,0.0350877192982456,0.0,-0.389074511941422,0.188453855247393,0.8491545209405149,6.0
bandwidth_scale,1.3,PPO,2,1103,695.0,126.9775854551508,0.1287866450979905,0.9337856115107916,0.037410071942446,0.0,-0.3997560070346104,0.1864723298814652,0.8713512162349636,7.0
bandwidth_scale,1.3,PPO,2,1104,730.0,127.61340329721402,0.1280586270353933,0.9337835616438358,0.0287671232876712,0.0,-0.3823954601357966,0.1947558286163271,0.8770674851659226,6.0
bandwidth_scale,1.3,DQN,0,1100,714.0,124.12526158611573,0.1388366782220501,0.9328207282913168,0.0224089635854341,0.0,-0.3791553934725871,0.2065195588552997,,8.0
bandwidth_scale,1.3,DQN,0,1101,722.0,123.476466750136,0.1390062166533242,0.9328836565096956,0.0249307479224376,0.0,-0.3859537501675814,0.209088517549375,,9.0
bandwidth_scale,1.3,DQN,0,1102,684.0,124.99198727679725,0.1385578286645443,0.9328888888888892,0.0277777777777777,0.0,-0.3875618121389954,0.1974449058469753,,9.0
bandwidth_scale,1.3,DQN,0,1103,695.0,123.6396527188702,0.1406002385232617,0.9328071942446046,0.0345323741007194,0.0,-0.4024012132397278,0.2035774286951397,,9.0
bandwidth_scale,1.3,DQN,0,1104,730.0,125.3978934025927,0.1380785818447526,0.9329397260273972,0.0232876712328767,0.0,-0.3825635059486045,0.2099945098888945,,8.0
bandwidth_scale,1.3,DQN,1,1100,714.0,127.4440348796039,0.1495732236922403,0.9323165266106443,0.0252100840336134,0.0,-0.3990523669199416,0.2224901702422071,,8.0
bandwidth_scale,1.3,DQN,1,1101,722.0,126.65162460939816,0.1467195955240701,0.9324238227146816,0.0318559556786703,0.0,-0.4085051528344081,0.2206907249341223,,8.0
bandwidth_scale,1.3,DQN,1,1102,684.0,127.9556949295551,0.1475699070227137,0.9324093567251462,0.0292397660818713,0.0,-0.4047751540823412,0.2102871175073669,,8.0
bandwidth_scale,1.3,DQN,1,1103,695.0,126.32632019013822,0.1505434457930705,0.9323352517985616,0.037410071942446,0.0,-0.4209435213553345,0.2179743642212168,,8.0
bandwidth_scale,1.3,DQN,1,1104,730.0,128.1740224810165,0.1451293210938104,0.9324520547945206,0.0287671232876712,0.0,-0.4022011885037226,0.2207175091635033,,8.0
bandwidth_scale,1.3,DQN,2,1100,714.0,127.58686629361148,0.1218597041108795,0.9339915966386556,0.0252100840336134,0.0,-0.3702110339227217,0.1812663098649333,,7.0
bandwidth_scale,1.3,DQN,2,1101,722.0,125.93268527949525,0.1256059535408607,0.9339362880886428,0.0263157894736842,0.0,-0.3765690835648001,0.1889322884510447,,7.0
bandwidth_scale,1.3,DQN,2,1102,684.0,127.98697655551248,0.1267226957212442,0.9338947368421054,0.033625730994152,0.0,-0.3857342978822891,0.180579841402773,,7.0
bandwidth_scale,1.3,DQN,2,1103,695.0,127.90408639346644,0.1294820962801337,0.9339410071942448,0.0402877697841726,0.0,-0.4016554070400778,0.1874792852389438,,7.0
bandwidth_scale,1.3,DQN,2,1104,730.0,128.5256222685186,0.1218877174002078,0.934019178082192,0.021917808219178,0.0,-0.3702882983254041,0.185370903546149,,7.0
capacity_scale,0.8,PPO,0,1100,714.0,151.01929664640093,0.1623300558549509,0.9334257703081236,0.0560224089635854,0.0,-0.4807080995913874,0.2414659580842395,0.8736797645427182,6.0
capacity_scale,0.8,PPO,0,1101,722.0,151.17861306665637,0.1610199049678763,0.9333988919667592,0.0761772853185595,0.0,-0.5094312850507903,0.2422007737225138,0.8638072841261563,7.0
capacity_scale,0.8,PPO,0,1102,684.0,151.67391835607194,0.1610799087310777,0.9333625730994152,0.0716374269005847,0.0,-0.5010632295717308,0.2295388699417855,0.8648678181115647,6.0
capacity_scale,0.8,PPO,0,1103,695.0,152.0990909335431,0.1588401957287759,0.9334,0.0949640287769784,0.0,-0.5349101974424836,0.2299873667322902,0.8870359620065997,7.0
capacity_scale,0.8,PPO,0,1104,730.0,152.39599289375786,0.1594854322066314,0.9334109589041096,0.0643835616438356,0.0,-0.4926263695365185,0.2425507614809188,0.8730835290523629,7.0
capacity_scale,0.8,PPO,1,1100,714.0,151.5152641536204,0.1417095137142124,0.933778711484594,0.0588235294117647,0.0,-0.4718631416797435,0.2107929016498909,0.7808335329085088,7.0
capacity_scale,0.8,PPO,1,1101,722.0,150.9274703456503,0.1412623224017351,0.9336481994459834,0.0803324099722991,0.0,-0.5017802368817887,0.2124820766126097,0.7923428493131396,7.0
capacity_scale,0.8,PPO,1,1102,684.0,151.6332866189349,0.1433016520188204,0.9337251461988306,0.0730994152046783,0.0,-0.4914779818815017,0.2042048541268193,0.7759817933053736,7.0
capacity_scale,0.8,PPO,1,1103,695.0,151.43692300135814,0.1392728056034538,0.9337683453237412,0.0848920863309352,0.0,-0.5114970493876473,0.2016554164466677,0.7918879443940392,8.0
capacity_scale,0.8,PPO,1,1104,730.0,152.84779384361968,0.1406409026403434,0.9338493150684936,0.0630136986301369,0.0,-0.4795790497538922,0.2138913727655227,0.7879093163787094,7.0
capacity_scale,0.8,PPO,2,1100,714.0,155.43623613760872,0.1734000102380119,0.933873949579832,0.0658263305322128,0.0,-0.5002190438747649,0.2579325152290427,0.8899399327004657,8.0
capacity_scale,0.8,PPO,2,1101,722.0,153.7049774810974,0.1706983843610569,0.9337811634349032,0.0872576177285318,0.0,-0.5261653361226223,0.2567588198097563,0.8919824401840278,8.0
capacity_scale,0.8,PPO,2,1102,684.0,154.73932271868418,0.1774004186633258,0.933918128654971,0.0818713450292397,0.0,-0.5201560090050376,0.252795596595239,0.8781309838526561,8.0
capacity_scale,0.8,PPO,2,1103,695.0,155.20611157197433,0.1679188333004486,0.9338489208633096,0.1064748201438848,0.0,-0.5528167502078707,0.2431324773829413,0.902243977886953,8.0
capacity_scale,0.8,PPO,2,1104,730.0,156.97744294944562,0.1661384819085619,0.933882191780822,0.0808219178082191,0.0,-0.5176745732668546,0.2526689412359379,0.9148300542610964,8.0
capacity_scale,0.8,DQN,0,1100,714.0,152.2782279181891,0.1808989940901549,0.932809523809524,0.0644257703081232,0.0,-0.5042921957911233,0.2690872537091056,,8.0
capacity_scale,0.8,DQN,0,1101,722.0,149.92588814699425,0.180088253236091,0.9327562326869808,0.0678670360110803,0.0,-0.5110375607730535,0.2708827475759531,,8.0
capacity_scale,0.8,DQN,0,1102,684.0,153.286911682524,0.1803764656363082,0.932859649122807,0.0657894736842105,0.0,-0.5094702157542292,0.2570364635317391,,9.0
capacity_scale,0.8,DQN,0,1103,695.0,151.83135645780257,0.1843956246361768,0.9327611510791368,0.0805755395683453,0.0,-0.5356043326775525,0.2669894981711309,,9.0
capacity_scale,0.8,DQN,0,1104,730.0,153.3194556780937,0.1811136489692378,0.9328520547945208,0.0589041095890411,0.0,-0.50190225367587,0.2754436744740497,,8.0
capacity_scale,0.8,DQN,1,1100,714.0,156.8694614188145,0.1941605411343648,0.9323669467787116,0.0630252100840336,0.0,-0.524498743849843,0.2888138049373681,,8.0
capacity_scale,0.8,DQN,1,1101,722.0,156.25101127627215,0.1916593188951203,0.9324681440443214,0.0817174515235457,0.0,-0.5479359750623106,0.2882875588380762,,8.0
capacity_scale,0.8,DQN,1,1102,684.0,157.55775004632727,0.1951689681483402,0.9325029239766084,0.0847953216374269,0.0,-0.5487117545157896,0.2781157796113847,,8.0
capacity_scale,0.8,DQN,1,1103,695.0,156.0524829777784,0.1952752736200979,0.9323870503597124,0.1107913669064748,0.0,-0.5850523006480169,0.2827423232624336,,8.0
capacity_scale,0.8,DQN,1,1104,730.0,157.86904531293095,0.19001523631456,0.9324575342465756,0.073972602739726,0.0,-0.53696658053744,0.2889815052283938,,8.0
capacity_scale,0.8,DQN,2,1100,714.0,157.027871314796,0.1660560016232719,0.9339859943977592,0.0616246498599439,0.0,-0.4925059354581617,0.2470083024146168,,7.0
capacity_scale,0.8,DQN,2,1101,722.0,156.84922494852506,0.1693386704234678,0.9339030470914128,0.0720221606648199,0.0,-0.5137384010722414,0.2547135834286328,,7.0
capacity_scale,0.8,DQN,2,1102,684.0,157.67151923893795,0.1677805155826059,0.9339532163742692,0.0760233918128654,0.0,-0.5128475142156677,0.2390872347052133,,7.0
capacity_scale,0.8,DQN,2,1103,695.0,157.315898143752,0.1720316386064083,0.9338776978417268,0.0906474820143884,0.0,-0.5404760567872898,0.2490874767321953,,7.0
capacity_scale,0.8,DQN,2,1104,730.0,159.61911969734572,0.1647328967313329,0.9339808219178084,0.0657534246575342,0.0,-0.5026734299606351,0.2505312804455691,,7.0
capacity_scale,1.0,PPO,0,1100,714.0,131.34879693601883,0.1387913169729143,0.9333025210084036,0.0280112044817927,0.0,-0.3975224178833785,0.2064520839972099,0.8857088625764981,6.0
capacity_scale,1.0,PPO,0,1101,722.0,131.00193180216783,0.1351178334694322,0.9332825484764544,0.038781163434903,0.0,-0.4136195176284847,0.2032397411769377,0.8716414448833532,6.0
capacity_scale,1.0,PPO,0,1102,684.0,131.62432221659589,0.1386544483451103,0.9333157894736844,0.0365497076023391,0.0,-0.4091857941182769,0.1975825888917819,0.8594823310271515,6.0
capacity_scale,1.0,PPO,0,1103,695.0,132.08167590607968,0.1372893137931825,0.9333309352517988,0.0474820143884892,0.0,-0.4297720941207251,0.1987834855963787,0.8831530117838503,6.0
capacity_scale,1.0,PPO,0,1104,730.0,132.6495680375656,0.1387099007578529,0.9332849315068494,0.0301369863013698,0.0,-0.4044093484641057,0.2109546407359011,0.8765025641871234,6.0
capacity_scale,1.0,PPO,1,1100,714.0,134.8972642197788,0.1232090699133604,0.9337170868347342,0.0350140056022409,0.0,-0.4019864888499591,0.1832734914961233,0.782439414928315,7.0
capacity_scale,1.0,PPO,1,1101,722.0,133.99654418761088,0.1239196008922476,0.9336481994459834,0.0401662049861495,0.0,-0.4137201097751765,0.1863957330087557,0.7757057704320409,6.0
capacity_scale,1.0,PPO,1,1102,684.0,135.00553092739105,0.1253510338050247,0.9337076023391814,0.0380116959064327,0.0,-0.4093618841880601,0.17862522317216,0.7647728598213683,7.0
capacity_scale,1.0,PPO,1,1103,695.0,135.08034600147818,0.1227618140974094,0.9336705035971226,0.0517985611510791,0.0,-0.4322987897030707,0.177748876661874,0.7859720612333404,6.0
capacity_scale,1.0,PPO,1,1104,730.0,135.7916007338525,0.1232330319793431,0.9337616438356168,0.0273972602739726,0.0,-0.3970798659979778,0.1874169028019177,0.7768605515411864,7.0
capacity_scale,1.0,PPO,2,1100,714.0,134.23860050555237,0.1484541217794524,0.933823529411765,0.0322128851540616,0.0,-0.4066078210261987,0.2208255061469355,0.877022348375631,6.0
capacity_scale,1.0,PPO,2,1101,722.0,133.20686199082238,0.1465696291589206,0.9337479224376732,0.0415512465373961,0.0,-0.4213318592009249,0.2204651505265433,0.8717772542573822,7.0
capacity_scale,1.0,PPO,2,1102,684.0,134.29299332038585,0.1462242606297311,0.9337543859649124,0.0409356725146198,0.0,-0.4181926782814981,0.2083695713973666,0.8546097876547635,7.0
capacity_scale,1.0,PPO,2,1103,695.0,134.2947620414975,0.1447975790630208,0.9337741007194246,0.0517985611510791,0.0,-0.4378211116049639,0.2096548280183321,0.8787152964166172,7.0
capacity_scale,1.0,PPO,2,1104,730.0,136.1734813255264,0.1434403805565016,0.9338054794520548,0.0356164383561643,0.0,-0.4147958679470315,0.218148912096346,0.8897561769269101,8.0
capacity_scale,1.0,DQN,0,1100,714.0,133.80896230282238,0.1536658723787366,0.9328207282913168,0.0280112044817927,0.0,-0.4122620308929666,0.2285779851633707,,8.0
capacity_scale,1.0,DQN,0,1101,722.0,132.4715237034095,0.153848320220974,0.9328171745152356,0.0346260387811634,0.0,-0.4232384474945551,0.2314135149990484,,9.0
capacity_scale,1.0,DQN,0,1102,684.0,134.92005704516032,0.1544110412072175,0.9328538011695908,0.0321637426900584,0.0,-0.4206349125419023,0.2200357337202851,,9.0
capacity_scale,1.0,DQN,0,1103,695.0,132.82616030991093,0.1554377144393471,0.9327669064748204,0.0402877697841726,0.0,-0.4356603855320776,0.2250608573653041,,9.0
capacity_scale,1.0,DQN,0,1104,730.0,135.30722538887912,0.1528803240964633,0.9329342465753426,0.0315068493150684,0.0,-0.418983646780279,0.2325054928967046,,8.0
capacity_scale,1.0,DQN,1,1100,714.0,134.63361115846274,0.1621105980808234,0.9322773109243698,0.0294117647058823,0.0,-0.4253176492940974,0.2411395146452251,,8.0
capacity_scale,1.0,DQN,1,1101,722.0,134.1868814343179,0.1589940970528955,0.9324238227146816,0.0429362880886426,0.0,-0.4429153357734293,0.2391536209837304,,8.0
capacity_scale,1.0,DQN,1,1102,684.0,135.48323943835155,0.1604250050956634,0.9323976608187134,0.0365497076023391,0.0,-0.4344944927348791,0.2286056322613203,,8.0
capacity_scale,1.0,DQN,1,1103,695.0,133.83463431017836,0.1619761670670721,0.9323467625899284,0.0460431654676259,0.0,-0.4517198593657144,0.2345279918991979,,8.0
capacity_scale,1.0,DQN,1,1104,730.0,136.41478064516568,0.1567955405283229,0.9324520547945208,0.0397260273972602,0.0,-0.4372538612888142,0.2384598845534912,,8.0
capacity_scale,1.0,DQN,2,1100,714.0,139.0533168549909,0.1394814403899404,0.93403081232493,0.0336134453781512,0.0,-0.4104001302751144,0.2074786425800359,,7.0
capacity_scale,1.0,DQN,2,1101,722.0,137.63613793902263,0.1417857806827785,0.9339362880886428,0.0401662049861495,0.0,-0.4237009820307223,0.2132694451103461,,7.0
capacity_scale,1.0,DQN,2,1102,684.0,139.37243982371797,0.1435811840092884,0.9339298245614036,0.0365497076023391,0.0,-0.4197814606552364,0.2046031872132359,,7.0
capacity_scale,1.0,DQN,2,1103,695.0,138.6292168979857,0.1471748940506243,0.9338719424460434,0.0546762589928057,0.0,-0.4484778059591128,0.2130969820107995,,7.0
capacity_scale,1.0,DQN,2,1104,730.0,140.2526286843664,0.1403269920073791,0.9339753424657536,0.0342465753424657,0.0,-0.4163463142640635,0.2134139670112224,,7.0
capacity_scale,1.2,PPO,0,1100,714.0,118.04407948243652,0.1229290507695088,0.9332521008403364,0.0126050420168067,0.0,-0.3449215021424744,0.1828569630196445,0.8795184179284826,6.0
capacity_scale,1.2,PPO,0,1101,722.0,118.1235288276728,0.1226114912067569,0.9332493074792244,0.0166204986149584,0.0,-0.3558538791142044,0.1844281180234968,0.8649652167184696,6.0
capacity_scale,1.2,PPO,0,1102,684.0,118.92007694784766,0.1227197729212257,0.9332865497076026,0.0248538011695906,0.0,-0.3609661147956551,0.1748756764127463,0.8586598707864072,6.0
capacity_scale,1.2,PPO,0,1103,695.0,118.84440395451918,0.1236708661927344,0.9332446043165468,0.0244604316546762,0.0,-0.369817885449044,0.1790651083415634,0.8855684212321858,6.0
capacity_scale,1.2,PPO,0,1104,730.0,119.37602750118252,0.1231474620421798,0.93327397260274,0.0191780821917808,0.0,-0.3559903712587162,0.1872867651891486,0.8731727931801587,6.0
capacity_scale,1.2,PPO,1,1100,714.0,123.44464986468404,0.1113525907247553,0.933717086834734,0.0168067226890756,0.0,-0.3525385335018134,0.1656369787030737,0.7589461609815099,6.0
capacity_scale,1.2,PPO,1,1101,722.0,122.17769107571142,0.1127232752855219,0.9335595567867038,0.0180055401662049,0.0,-0.359923651160083,0.1695545932419725,0.754054091509607,6.0
capacity_scale,1.2,PPO,1,1102,684.0,123.63452762363852,0.1137621875459495,0.9336608187134504,0.0263157894736842,0.0,-0.3660143564662959,0.1621111172529779,0.7465758059304535,6.0
capacity_scale,1.2,PPO,1,1103,695.0,123.18160491633998,0.1132331637889319,0.933664748201439,0.0258992805755395,0.0,-0.3732341767810366,0.163952185069391,0.7658541154518402,6.0
capacity_scale,1.2,PPO,1,1104,730.0,124.29189764356174,0.1125595468301253,0.9336630136986304,0.0191780821917808,0.0,-0.3588761464089814,0.1711843108041493,0.762000337385968,6.0
capacity_scale,1.2,PPO,2,1100,714.0,120.90503369247102,0.1308028744611739,0.9337843137254904,0.0140056022408963,0.0,-0.3499558208700637,0.1945692757609963,0.856383259953404,6.0
capacity_scale,1.2,PPO,2,1101,722.0,120.39108372482326,0.1261050715565907,0.9336814404432132,0.0193905817174515,0.0,-0.3607428115334063,0.1896830451330388,0.8595073747440883,6.0
capacity_scale,1.2,PPO,2,1102,684.0,121.174502339495,0.1304681152383663,0.9337192982456142,0.0277777777777777,0.0,-0.3672847926448243,0.1859170642146717,0.8439323337781325,6.0
capacity_scale,1.2,PPO,2,1103,695.0,120.66973233612136,0.1274304342459086,0.9337510791366908,0.0215827338129496,0.0,-0.3672713599731396,0.1845086495852218,0.859012389536813,7.0
capacity_scale,1.2,PPO,2,1104,730.0,122.18779349999278,0.1282982269112077,0.9337890410958908,0.0178082191780821,0.0,-0.3574745598681736,0.1951202200941284,0.8643787132550592,6.0
capacity_scale,1.2,DQN,0,1100,714.0,121.72324758329464,0.1364076279738135,0.9328039215686276,0.011204481792717,0.0,-0.3599798871591975,0.2029063466110476,,8.0
capacity_scale,1.2,DQN,0,1101,722.0,120.79180058447136,0.1351667765304395,0.9328504155124656,0.0152354570637119,0.0,-0.3675557686324631,0.2033133596978692,,9.0
capacity_scale,1.2,DQN,0,1102,684.0,122.5548085729052,0.1369717013365332,0.9328654970760234,0.0219298245614035,0.0,-0.3736118086139458,0.19518467440456,,9.0
capacity_scale,1.2,DQN,0,1103,695.0,121.53816829634285,0.1358977824612044,0.9327669064748204,0.018705035971223,0.0,-0.3780864208581974,0.1967686641886188,,9.0
capacity_scale,1.2,DQN,0,1104,730.0,123.36038890475764,0.1366313542423116,0.932923287671233,0.0178082191780821,0.0,-0.370746339113609,0.2077935179101825,,8.0
capacity_scale,1.2,DQN,1,1100,714.0,119.8008714609404,0.1395575208770041,0.932327731092437,0.0154061624649859,0.0,-0.367153984923067,0.2075918123045437,,8.0
capacity_scale,1.2,DQN,1,1101,722.0,119.50639393848012,0.1394292044099248,0.9323961218836566,0.020775623268698,0.0,-0.3779631591668863,0.2097247616332619,,8.0
capacity_scale,1.2,DQN,1,1102,684.0,120.67265515104432,0.1392753682559521,0.9323742690058482,0.023391812865497,0.0,-0.378616052598771,0.1984673997647318,,8.0
capacity_scale,1.2,DQN,1,1103,695.0,118.96100807710816,0.1398602302047153,0.9323294964028778,0.0215827338129496,0.0,-0.3826951826223086,0.202505958317244,,8.0
capacity_scale,1.2,DQN,1,1104,730.0,121.24336041672358,0.1383438910727466,0.9324027397260276,0.0123287671232876,0.0,-0.367344162951678,0.2103980010064692,,8.0
capacity_scale,1.2,DQN,2,1100,714.0,127.05063727095325,0.1265677804743431,0.9340084033613448,0.0168067226890756,0.0,-0.3607702017685779,0.1882695734555854,,7.0
capacity_scale,1.2,DQN,2,1101,722.0,125.713773691152,0.128244610930477,0.9339529085872578,0.0221606648199446,0.0,-0.3718042722450477,0.1929012689412594,,7.0
capacity_scale,1.2,DQN,2,1102,684.0,126.5589231203238,0.1279746731369783,0.9338654970760236,0.0277777777777777,0.0,-0.3752871386206176,0.182363909220194,,7.0
capacity_scale,1.2,DQN,2,1103,695.0,126.82993909485752,0.1310174789594665,0.933929496402878,0.0316546762589928,0.0,-0.3896176590999097,0.1897023914100606,,7.0
capacity_scale,1.2,DQN,2,1104,730.0,128.08336348651122,0.1264964132076334,0.9339753424657536,0.0191780821917808,0.0,-0.3677256608091413,0.1923799617532759,,7.0
