parameter,value,policy,latency_ms_mean,latency_ms_std,device_energy_j_mean,device_energy_j_std,violation_rate_mean,violation_rate_std,mean_reward_mean,mean_reward_std
arrival_scale,0.75,DQN,134.92017047821733,2.430272643113523,0.15422494725919603,0.008613521619590572,0.035644506242323674,0.009808825052933526,-0.4225825734790952,0.018319566881212702
arrival_scale,0.75,PPO,131.97496374863837,1.7187520961870335,0.13473674154734996,0.008706708257953171,0.03552351188170237,0.009392934355182642,-0.4056763794818559,0.014939260087193165
arrival_scale,1.0,DQN,135.9220543957828,2.5004587354319634,0.15219299808716844,0.007838293902665869,0.03736765004106112,0.006932025410288534,-0.42807915432553095,0.012915990544255126
arrival_scale,1.0,PPO,133.71228534348825,1.6409707614716615,0.13576822234756694,0.009595831212535169,0.038364240522805966,0.0076506961231225514,-0.4138470432526555,0.012294975749273764
arrival_scale,1.25,DQN,136.99707167537636,2.125665596954755,0.1509842394538736,0.007368088837743406,0.039364142768809646,0.00760894105332902,-0.4335947769542515,0.013512375254100562
arrival_scale,1.25,PPO,135.93003448860674,1.3885296090266628,0.13673348266488514,0.010167214708114667,0.04243735451808536,0.007485438566378636,-0.4233287739752466,0.012833579127776377
bandwidth_scale,0.7,DQN,153.09268052149474,4.965937948183032,0.1807040099010732,0.003162404808644797,0.070928657173177,0.011178562033142476,-0.5133481289117736,0.01625369917906742
bandwidth_scale,0.7,PPO,151.5603066453755,2.494021167662663,0.16451992304627028,0.008702430309360062,0.07107217578512609,0.010247959774539484,-0.49819481092623863,0.015372416177207733
bandwidth_scale,1.0,DQN,135.9220543957828,2.5004587354319634,0.15219299808716844,0.007838293902665869,0.03736765004106112,0.006932025410288534,-0.42807915432553095,0.012915990544255126
bandwidth_scale,1.0,PPO,133.71228534348825,1.6409707614716615,0.13576822234756694,0.009595831212535169,0.038364240522805966,0.0076506961231225514,-0.4138470432526555,0.012294975749273764
bandwidth_scale,1.3,DQN,126.40794637432187,1.7316164830822214,0.1373448802724776,0.009948194569850872,0.028851847876554527,0.005595285176098747,-0.3918380786265691,0.015028511600946072
bandwidth_scale,1.3,PPO,125.26310893353704,1.441287129499851,0.12090689844122819,0.010054978436030674,0.029617150224365233,0.006377724973177505,-0.38037961879008775,0.011375777814506915
capacity_scale,0.8,DQN,155.58168161727224,2.7540652737965523,0.1808728031765026,0.010903092281539524,0.07452899940410394,0.01368019233604735,-0.524514216718615,0.024514930186621202
capacity_scale,0.8,PPO,152.8527827145616,1.9054257494243847,0.1576332548226188,0.013069241209193502,0.0763731921596964,0.013880247646535905,-0.5061312235503089,0.022008248643143612
capacity_scale,1.0,DQN,135.9220543957828,2.5004587354319634,0.15219299808716844,0.007838293902665869,0.03736765004106112,0.006932025410288534,-0.42807915432553095,0.012915990544255126
capacity_scale,1.0,PPO,133.71228534348825,1.6409707614716615,0.13576822234756694,0.009595831212535169,0.038364240522805966,0.0076506961231225514,-0.4138470432526555,0.012294975749273764
capacity_scale,1.2,DQN,122.95928930999108,3.083933818597417,0.1345228276049029,0.005026246249964952,0.01972973612267514,0.00544845958541127,-0.3725971799455612,0.008038220908817572
capacity_scale,1.2,PPO,121.02444222869985,2.0778203900460737,0.12145427531472912,0.006917219195552583,0.020299212364750328,0.004648671211779173,-0.3600577307978608,0.007745584486747692
