scenario,episode,return,tasks,latency_ms,device_energy_j,accuracy,violation_rate,utilization,depletion,mean_reward,loss,validation_reward
normal,1,-68.84474352923516,120.0,324.9640104156572,0.4055271225805061,0.9302,0.1083333333333333,0.2544354233363357,0.0760363354838447,-0.5737061960769597,43.035099029541016,
normal,2,-67.42548359293409,120.0,319.5275423499496,0.4625913650716826,0.9299833333333336,0.0916666666666666,0.295828806231047,0.0867358809509408,-0.5618790299411174,37.71281051635742,
normal,3,-63.40943652575737,120.0,304.7895469428739,0.4915539782528812,0.9298166666666668,0.0583333333333333,0.2821360766162068,0.0921663709224154,-0.5284119710479781,30.238454818725582,
normal,4,-55.36540031157163,120.0,265.77438704614747,0.4716458416635768,0.9301166666666668,0.0166666666666666,0.3074864837388028,0.0884335953119205,-0.4613783359297638,20.302370071411133,
normal,5,-56.421242449256575,120.0,282.9650383031709,0.4269954315280105,0.9302416666666669,0.0166666666666666,0.2789236887691685,0.080061643411502,-0.4701770204104714,20.624135971069336,-1.5553028939891616
normal,6,-56.52680689389919,120.0,265.4159824220429,0.471183276493149,0.9295666666666668,0.025,0.2926628437867178,0.0883468643424654,-0.4710567241158266,18.85127830505371,
normal,7,-52.61590304855351,120.0,256.86521058143416,0.3948504132910794,0.9306916666666668,0.0083333333333333,0.2801865564844961,0.0740344524920773,-0.438465858737946,15.09898853302002,
normal,8,-54.275680953341016,120.0,271.2818536642461,0.4606818365021198,0.9294666666666668,0.0,0.2973331576991293,0.0863778443441476,-0.4522973412778419,16.527639389038086,
normal,9,-55.0451385847678,120.0,262.8199950720597,0.4810606320952359,0.9286333333333334,0.0083333333333333,0.3058803705460428,0.0901988685178568,-0.4587094882063983,16.59926414489746,
normal,10,-52.2107624286848,120.0,239.2251683938011,0.3947680216432646,0.9305833333333334,0.0166666666666666,0.2312637003959773,0.0740190040581125,-0.4350896869057067,14.677244186401367,-1.3384512494958622
normal,11,-55.02882132795947,120.0,254.90816716122325,0.4250445944251355,0.9296916666666668,0.025,0.2568358756390728,0.0796958614547126,-0.4585735110663289,16.711427688598633,
normal,12,-54.35150937885221,120.0,255.6411187323704,0.4304573130494897,0.9300583333333337,0.025,0.2801987588090576,0.0807107461967789,-0.4529292448237688,15.70952320098877,
normal,13,-61.12312135147731,120.0,270.71053367539145,0.4336309907166019,0.9284083333333336,0.0583333333333333,0.23638537636682,0.081305810759363,-0.5093593445956442,22.22002410888672,
normal,14,-50.41387486785389,120.0,228.5666767872226,0.4027183037636914,0.9303083333333334,0.0083333333333333,0.2410613082412355,0.0755096819556921,-0.4201156238987822,11.565861701965332,
normal,15,-49.67842872648001,120.0,228.17161210659057,0.3709699053051312,0.93015,0.0,0.2178844619723665,0.0695568572447127,-0.413986906054,10.872960090637209,-0.3707143083603267
normal,16,-49.71895284876796,120.0,216.2055778440264,0.3634774176234933,0.9299166666666668,0.0083333333333333,0.1682360075937971,0.0681520158044046,-0.4143246070730664,10.965346336364746,
normal,17,-48.57767633447046,120.0,221.28726178033816,0.3851112048583817,0.9301416666666668,0.0,0.2167435238299699,0.0722083509109465,-0.4048139694539205,9.954673767089844,
normal,18,-50.7745880996173,120.0,221.89820893123712,0.4062503647725319,0.929625,0.0083333333333333,0.2396197408344879,0.07617194339485,-0.4231215674968108,10.962404251098633,
normal,19,-47.57979605967177,120.0,210.9067238378579,0.3684960179563444,0.9296416666666668,0.0,0.180500847484972,0.0690930033668142,-0.3964983004972647,9.28651523590088,
normal,20,-49.735561972346034,120.0,219.247783369913,0.4128550636438949,0.9296416666666668,0.0,0.1881106077280166,0.0774103244332299,-0.4144630164362169,10.146317481994627,-0.3707143083603267
normal,21,-49.99227320350934,120.0,212.21284626187472,0.4322396629388463,0.9286416666666668,0.0,0.188903158620023,0.0810449368010337,-0.4166022766959111,10.033912658691406,
normal,22,-51.329547466868014,120.0,225.09874150502708,0.4164094495814578,0.929175,0.0083333333333333,0.209554067465806,0.0780767717965238,-0.4277462288905668,10.77820873260498,
normal,23,-48.37678198808419,120.0,216.799389451472,0.3828382411705545,0.930275,0.0,0.1951571708290236,0.071782170219479,-0.4031398499007015,9.199689865112305,
normal,24,-50.086162437930405,120.0,223.9880489765897,0.4112410287428954,0.9296000000000002,0.0083333333333333,0.2490823868441617,0.077107692889293,-0.4173846869827534,8.646931648254395,
normal,25,-57.37300564717244,120.0,264.6065503617748,0.4960827038992565,0.927775,0.025,0.302526042965704,0.0930155069811105,-0.4781083803931036,14.419057846069336,-1.5553028939891616
normal,26,-56.87033528572767,120.0,261.1805396022485,0.4781189035132743,0.9278333333333336,0.025,0.3353485126491279,0.0896472944087392,-0.4739194607143971,14.279644966125488,
normal,27,-52.160437168941264,120.0,230.30443892832375,0.4668736030529121,0.9276,0.0,0.2985868354544857,0.0875388005724213,-0.4346703097411773,11.39497184753418,
normal,28,-52.07783823036865,120.0,220.34757647748805,0.4281501891889576,0.9277916666666668,0.0166666666666666,0.240833196813551,0.0802781604729292,-0.4339819852530719,11.59709358215332,
normal,29,-53.60539989478523,120.0,241.5848314866722,0.4199225170096681,0.9292916666666668,0.0166666666666666,0.2461570469441848,0.0787354719393125,-0.4467116657898767,12.044235229492188,
normal,30,-49.6054525976942,120.0,225.6354271255205,0.4090405302695309,0.9296333333333334,0.0,0.2438366559916512,0.0766950994255372,-0.4133787716474517,10.361648559570312,-0.3935243842152068
normal,31,-51.19981365771605,120.0,231.8978133504513,0.3884713053197763,0.9301833333333336,0.0083333333333333,0.2384231567735208,0.072838369747458,-0.4266651138143005,10.033305168151855,
normal,32,-50.40571436124409,120.0,240.27491297224623,0.3622277103195079,0.9308083333333336,0.0083333333333333,0.2078636428757398,0.0679176956849081,-0.4200476196770342,10.286324501037598,
normal,33,-49.85458875422077,120.0,242.35133757696795,0.3611035200206688,0.931866666666667,0.0,0.209769263850085,0.0677069100038754,-0.4154549062851728,10.30641746520996,
normal,34,-49.65746917776618,120.0,242.2442169851734,0.3579089915441799,0.9322083333333336,0.0083333333333333,0.2174379752832535,0.0671079359145337,-0.4138122431480514,9.613009452819824,
normal,35,-49.92498293222575,120.0,235.5580834425554,0.3498208944276458,0.9326500000000004,0.0166666666666666,0.1909103546657115,0.0655914177051838,-0.4160415244352145,10.89036750793457,-0.3707143083603267
normal,36,-51.81150389143845,120.0,242.835858265372,0.3522706213084033,0.9324333333333336,0.0166666666666666,0.2385931893597033,0.0660507414953263,-0.4317625324286537,10.823657035827637,
normal,37,-47.65952493402842,120.0,213.55322939441703,0.3652160915588192,0.9319916666666668,0.0,0.1831075061296075,0.0684780171672789,-0.39716270778357,9.883525848388672,
normal,38,-52.32851139004055,120.0,229.8295377028957,0.4071815112868935,0.932391666666667,0.025,0.1648681809192478,0.0763465333662922,-0.4360709282503376,11.90558624267578,
normal,39,-47.368351473928215,120.0,219.40746497800004,0.3605806314101142,0.933616666666667,0.0,0.1184537051294254,0.067608868389396,-0.394736262282735,9.906526565551758,
normal,40,-47.97097893091194,120.0,217.63594438459504,0.3451041805499287,0.9338750000000005,0.0083333333333333,0.1106332729883569,0.0647070338531119,-0.3997581577575996,8.628076553344727,-0.3707143083603267
normal,41,-46.835551155454816,120.0,216.36354776902635,0.3528077563612677,0.9336333333333336,0.0,0.1256834922298925,0.0661514543177377,-0.3902962596287901,10.020368576049805,
normal,42,-47.58755093906216,120.0,216.26332887531208,0.3747343638988435,0.9337083333333336,0.0,0.1302556933864677,0.0702626932310328,-0.3965629244921847,10.467164039611816,
normal,43,-47.69564678480588,120.0,204.4805579517885,0.3424545178205542,0.9337583333333336,0.0166666666666666,0.0788714459296438,0.064210222091354,-0.3974637232067158,9.955955505371094,
normal,44,-46.1929215463316,120.0,212.4876952946305,0.3428493327492823,0.9339583333333336,0.0,0.109181913200605,0.0642842498904904,-0.3849410128860969,9.98432445526123,
normal,45,-48.64229462603648,120.0,213.6173013823776,0.3608700543372811,0.9340000000000004,0.0166666666666666,0.1192643211322227,0.0676631351882403,-0.4053524552169706,11.77475643157959,-0.3707143083603267
normal,46,-46.42455196040165,120.0,209.769067550051,0.3370877961631555,0.9340583333333338,0.0083333333333333,0.0962335070728612,0.0632039617805916,-0.3868712663366805,10.414813995361328,
normal,47,-45.73662161746257,120.0,210.84026814782112,0.3416735576002966,0.9345750000000004,0.0,0.0903313890358272,0.0640637920500555,-0.3811385134788547,10.600953102111816,
normal,48,-45.03541359432282,120.0,205.31374360903692,0.3078434182685133,0.9343583333333336,0.0,0.0817134492344126,0.0577206409253465,-0.3752951132860235,10.551356315612791,
normal,49,-45.05198605495748,120.0,210.40032847638383,0.2984510816025317,0.9345000000000004,0.0,0.0886090906136605,0.0559595778004744,-0.3754332171246458,10.99842357635498,
normal,50,-45.85391053427398,120.0,217.79252228583488,0.3215491953930078,0.934716666666667,0.0,0.1065741865974089,0.0602904741361889,-0.3821159211189497,11.141817092895508,-0.3707143083603267
normal,51,-44.43545971694709,120.0,203.73085731508417,0.2707691682658452,0.9345583333333336,0.0,0.1063516687778727,0.0507692190498456,-0.3702954976412257,10.945107460021973,
normal,52,-44.85442297092992,120.0,205.983343262658,0.2857365700654115,0.9341583333333338,0.0,0.0760737593633103,0.0535756068872648,-0.3737868580910825,11.07771110534668,
normal,53,-45.04830944998634,120.0,209.6558789805497,0.3088236421047339,0.934616666666667,0.0,0.0858552890109581,0.0579044328946373,-0.3754025787498861,11.762840270996094,
normal,54,-44.19932689487435,120.0,205.2906204887111,0.2982604787782072,0.934716666666667,0.0,0.1275958408226423,0.0559238397709145,-0.3683277241239528,11.761472702026367,
normal,55,-44.73842101672841,120.0,205.33155004495387,0.2790562552115848,0.9344583333333336,0.0,0.0754030844686814,0.0523230478521716,-0.3728201751394034,12.004449844360352,-0.3707143083603267
normal,56,-44.96219004150831,120.0,208.3806982785692,0.3058879043172989,0.9347000000000004,0.0,0.0742625474293502,0.0573539820594939,-0.374684917012569,12.26734447479248,
normal,57,-44.64121386046503,120.0,205.6915900944103,0.2891989818224993,0.9347583333333336,0.0,0.0599923647230509,0.0542248090917187,-0.3720101155038752,12.625543594360352,
normal,58,-45.21836865686243,120.0,205.80232329338435,0.3181890714368915,0.9342750000000002,0.0,0.0523042310483173,0.0596604508944169,-0.376819738807187,12.634325981140137,
normal,59,-45.39938198001588,120.0,207.5363237230841,0.3076262511684915,0.9343583333333336,0.0,0.0710395473263751,0.0576799220940915,-0.3783281831667987,12.34054946899414,
normal,60,-44.77166175345914,120.0,204.63606475081707,0.3058080402244628,0.9342000000000004,0.0,0.0456611492659568,0.0573390075420864,-0.3730971812788263,12.349470138549805,-0.3707143083603267
normal,61,-44.684346416470895,120.0,203.4368354028564,0.3016167857697194,0.9343000000000004,0.0,0.0424514880251732,0.0565531473318222,-0.3723695534705909,12.350763320922852,
normal,62,-44.79026326163222,120.0,203.9961179819538,0.3042360046782007,0.9345000000000004,0.0,0.0394476260880242,0.0570442508771629,-0.3732521938469352,12.30361270904541,
normal,63,-44.71370634027282,120.0,203.18077046759373,0.3116727268073169,0.9340583333333338,0.0,0.0618495099232989,0.0584386362763718,-0.3726142195022736,12.359816551208496,
normal,64,-45.23147158589634,120.0,209.1329982544872,0.292492519132966,0.9346000000000004,0.0,0.0699401977487519,0.0548423473374306,-0.3769289298824694,12.375636100769045,
normal,65,-45.6271484695244,120.0,210.03601380076415,0.3036253809452048,0.9342000000000004,0.0,0.0858532015817903,0.0569297589272257,-0.3802262372460364,12.591574668884276,-0.3707143083603267
normal,66,-44.55706864478664,120.0,208.78610690693324,0.2813304425356744,0.9346000000000004,0.0,0.0905374875309071,0.0527494579754389,-0.3713089053732221,12.470344543457031,
normal,67,-44.86776636462303,120.0,205.1290964081146,0.2956990945856429,0.9344000000000005,0.0,0.0960184539997247,0.0554435802348078,-0.3738980530385252,11.77558708190918,
normal,68,-44.43105377910528,120.0,205.1759388430128,0.2748380479797837,0.9348000000000004,0.0,0.0871686512564694,0.0515321339962097,-0.370258781492544,11.86974811553955,
normal,69,-44.678279058017694,120.0,214.66191723497943,0.2974024340754921,0.9345000000000004,0.0,0.0781978379788257,0.0557629563891545,-0.3723189921501473,11.890410423278809,
normal,70,-45.841729438543965,120.0,212.4864772470824,0.2926400275836078,0.9342000000000004,0.0083333333333333,0.0914409428073517,0.0548700051719266,-0.3820144119878661,12.009796142578123,-0.3707143083603267
normal,71,-44.79817309720137,120.0,206.92826075303495,0.2907521618640108,0.9343000000000004,0.0,0.0845919418233186,0.0545160303495018,-0.3733181091433447,11.764674186706545,
normal,72,-46.04172777962536,120.0,223.1492558066333,0.2930252844511443,0.9341583333333338,0.0,0.1463760503802917,0.0549422408345892,-0.3836810648302112,12.25155544281006,
normal,73,-44.193190284794376,120.0,210.1237576645429,0.2720417004097763,0.9343000000000004,0.0,0.1326807883536236,0.0510078188268329,-0.3682765857066197,11.41582202911377,
normal,74,-45.929432037823375,120.0,216.9374825896172,0.2954630488942153,0.9341583333333338,0.0,0.118631617595917,0.0553993216676653,-0.3827452669818614,11.28620147705078,
normal,75,-44.97122551231557,120.0,204.70985378619525,0.3026179760118961,0.9340000000000004,0.0,0.108808276604062,0.05674087050223,-0.3747602126026298,11.28756332397461,-0.3707143083603267
normal,76,-45.05874647374218,120.0,212.2989872359081,0.3020904069058718,0.9340166666666668,0.0,0.1140717795381472,0.0566419512948512,-0.3754895539478513,10.531119346618652,
normal,77,-45.596624552185816,120.0,205.2722140337224,0.3144672796669693,0.9334583333333336,0.0,0.1163842665041789,0.0589626149375571,-0.3799718712682152,10.952839851379396,
normal,78,-45.465104504468215,120.0,210.0171779677641,0.3050184168142267,0.933816666666667,0.0,0.1144806233232245,0.0571909531526676,-0.3788758708705685,10.841187477111816,
normal,79,-44.81255771685151,120.0,206.63723263802447,0.3026292345102886,0.9340166666666668,0.0,0.1067322495136228,0.056742981470679,-0.3734379809737625,10.842467308044434,
normal,80,-45.890253527297176,120.0,213.52899570657823,0.3221083947567363,0.9341000000000004,0.0,0.1275498515025011,0.0603953240168881,-0.3824187793941432,10.46233367919922,-0.3707143083603267
normal,81,-43.71077603523641,120.0,201.82526664227612,0.2806774937622927,0.934316666666667,0.0,0.1003968337844473,0.0526270300804297,-0.3642564669603032,10.072612762451172,
normal,82,-44.581658321564966,120.0,210.58561434960032,0.2994021541500325,0.9341166666666668,0.0,0.1302068137409069,0.056137903903131,-0.3715138193463748,9.86842155456543,
normal,83,-45.864682312658665,120.0,210.58492256645533,0.303984710609292,0.9332750000000002,0.0,0.1481474787782959,0.0569971332392426,-0.382205685938822,10.134413719177246,
normal,84,-46.80188599836772,120.0,226.70697571468344,0.3033421443948573,0.9332166666666668,0.0,0.1696996935499566,0.056876652074036,-0.3900157166530641,10.465898513793944,
normal,85,-46.177775725437215,120.0,222.44447169357608,0.2841550620460309,0.9339750000000002,0.0,0.1372747592925233,0.0532790741336308,-0.3848147977119769,9.613136291503906,-0.3707143083603267
normal,86,-46.70477096734022,120.0,220.87979465222904,0.3049398466917871,0.9333000000000004,0.0,0.1792747335148411,0.0571762212547102,-0.389206424727835,10.461828231811523,
normal,87,-46.0591973248658,120.0,224.4653637674938,0.2915339286492956,0.9335750000000002,0.0,0.1807906779738256,0.0546626116217431,-0.3838266443738815,9.978460311889648,
normal,88,-46.31425415703754,120.0,216.7205059469092,0.312062421803442,0.9330166666666668,0.0,0.1566937174004009,0.0585117040881452,-0.3859521179753128,9.385400772094728,
normal,89,-44.29884511230258,120.0,207.30329155396424,0.2622298919230532,0.9340166666666668,0.0,0.1317400301101772,0.0491681047355722,-0.3691570426025214,8.79985237121582,
normal,90,-46.41155644779954,120.0,226.29567329487028,0.2873501698582159,0.9335583333333336,0.0,0.1595043239545075,0.0538781568484151,-0.3867629703983296,8.993289947509766,-0.3707143083603267
normal,91,-45.410692471038274,120.0,207.9548927831985,0.3009710935131203,0.933516666666667,0.0,0.153754432588239,0.0564320800337099,-0.3784224372586522,8.827679634094238,
normal,92,-45.4203385829088,120.0,201.38269710899837,0.2907038049035674,0.9331000000000004,0.0,0.1188985701316425,0.0545069634194192,-0.37850282152424,7.51609992980957,
normal,93,-45.36612522479722,120.0,212.8578357074256,0.2994957512442249,0.9328916666666668,0.0,0.183284155818148,0.0561554533582925,-0.3780510435399769,8.218910217285156,
normal,94,-47.70299702826734,120.0,236.6233857925968,0.3007889552270867,0.9337750000000002,0.0,0.1728678959899961,0.0563979291050784,-0.3975249752355611,8.767487525939941,
normal,95,-46.49983233983609,120.0,224.0312870868884,0.3013872145926849,0.9333583333333336,0.0,0.1748979971311231,0.0565101027361283,-0.3874986028319673,7.90955924987793,-0.3707143083603267
normal,96,-48.0262670993659,120.0,225.75357884185624,0.3119610098706868,0.9330166666666668,0.0083333333333333,0.1922654179770052,0.0584926893507534,-0.4002188924947161,8.330367088317871,
normal,97,-48.79100886815032,120.0,226.39191229798925,0.337449937336137,0.9331500000000004,0.0083333333333333,0.1750488557495823,0.063271863250526,-0.4065917405679194,7.802319526672363,
normal,98,-47.19738654066318,120.0,226.08759047844043,0.2970425433731212,0.9338750000000002,0.0,0.1390225341437228,0.0556954768824604,-0.3933115545055263,6.560869693756104,
normal,99,-46.27606133461675,120.0,224.29611496844325,0.2710153953865301,0.9339750000000004,0.0,0.1780584152884995,0.0508153866349745,-0.3856338444551395,6.952138423919678,
normal,100,-47.89676718039916,120.0,223.4172647061788,0.3337701722980185,0.9331500000000004,0.0083333333333333,0.1793808471830935,0.0625819073058788,-0.3991397265033262,6.5853657722473145,-0.3707143083603267
burst,1,-260.3473696645829,120.0,1773.24897206214,0.5204573842018834,0.9311833333333336,0.7333333333333333,0.4455804659368717,0.0975857595378532,-2.169561413871523,669.9425659179688,
burst,2,-236.0923292325578,120.0,1484.9307164241502,0.5055370137715353,0.9310000000000002,0.675,0.4706265001508083,0.0947881900821627,-1.9674360769379824,548.1708374023438,
burst,3,-262.0859545251021,120.0,1566.0844132531383,0.4989150764673622,0.9296833333333334,0.85,0.463448163053769,0.0935465768376302,-2.1840496210425178,609.2357788085938,
burst,4,-281.90098256822006,120.0,1728.9844619167711,0.504423491336278,0.930325,0.8416666666666667,0.4450287306233605,0.0945794046255519,-2.349174854735168,717.4382934570312,
burst,5,-236.72235891668197,120.0,1441.1985551820412,0.4939711246181339,0.9304916666666668,0.6833333333333333,0.5086875964947228,0.0926195858659,-1.972686324305683,553.3419189453125,-1.7494249597097684
burst,6,-270.4839431060796,120.0,1581.4809723692947,0.482890351962547,0.930075,0.8416666666666667,0.4567480134250538,0.0905419409929775,-2.25403285921733,616.083251953125,
burst,7,-150.05723573480495,120.0,725.5190889965866,0.4304690866175907,0.9298333333333334,0.5083333333333333,0.4900738552455544,0.0807129537407984,-1.2504769644567086,177.9617156982422,
burst,8,-251.1082700074256,120.0,1490.491418261787,0.489127655514708,0.9300833333333336,0.7416666666666667,0.4518717760835454,0.0917114354090076,-2.0925689167285464,564.5751342773438,
burst,9,-256.4656234721263,120.0,1725.6870801862328,0.4738605591349942,0.9295,0.6916666666666667,0.4254360963138249,0.0888488548378114,-2.137213528934386,621.1514892578125,
burst,10,-249.875413538398,120.0,1338.1807594915374,0.4568439472482613,0.9291833333333334,0.85,0.5143222996262883,0.0856582401090485,-2.082295112819984,511.5313415527344,-2.889877310296455
burst,11,-255.60722397694943,120.0,1466.1246975732108,0.4819644477264498,0.9291083333333332,0.75,0.4223777455342355,0.0903683339487098,-2.1300601998079127,559.6210327148438,
burst,12,-190.16362368095025,120.0,946.3128940456006,0.4539634723795928,0.9290916666666668,0.65,0.5370399073860889,0.0851181510711738,-1.5846968640079184,298.2962341308594,
burst,13,-182.9080097561377,120.0,969.5196076095496,0.4766867482930805,0.9284833333333334,0.5416666666666666,0.456601106204735,0.0893787653049527,-1.5242334146344807,307.5740051269531,
burst,14,-176.77622922550694,120.0,958.8931819243404,0.4784540767389978,0.9274833333333332,0.525,0.4114946312998268,0.0897101393885623,-1.473135243545891,264.8835144042969,
burst,15,-162.55780035296328,120.0,824.9593951710714,0.4463848347445581,0.9289000000000002,0.5083333333333333,0.3875879108134318,0.0836971565146041,-1.3546483362746946,220.74681091308597,-0.4104962408418132
burst,16,-76.32072469764547,120.0,358.5531176838945,0.4051233682836178,0.9284166666666668,0.1416666666666666,0.4413288436203731,0.075960631553178,-0.6360060391470455,40.11250686645508,
burst,17,-113.99939357776104,120.0,532.5479748031602,0.4347174297997088,0.9285666666666668,0.3333333333333333,0.3890515236955952,0.0815095180874452,-0.949994946481342,103.37194061279295,
burst,18,-60.99754339439199,120.0,306.4852185082662,0.3704980297964205,0.927125,0.0583333333333333,0.3504567225322261,0.0694683805868281,-0.5083128616199335,16.052349090576172,
burst,19,-86.58448617262128,120.0,408.1230959083148,0.3502855240403589,0.9271333333333334,0.2,0.3326990534871834,0.0656785357575673,-0.7215373847718445,52.66931915283203,
burst,20,-61.107022407738086,120.0,305.01421119198807,0.3618724096421726,0.9276916666666668,0.05,0.3908415178618705,0.0678510768079077,-0.5092251867311506,19.46086883544922,-0.4104962408418132
burst,21,-50.72184870760078,120.0,233.9479289083178,0.3375185848934849,0.9257833333333336,0.0,0.2395845187931657,0.063284734667528,-0.4226820725633397,10.646965026855469,
burst,22,-51.30999395538283,120.0,233.94843806335763,0.3270798179725601,0.925825,0.0,0.237575287840385,0.0613274658698548,-0.4275832829615235,10.52601146697998,
burst,23,-60.770879498408775,120.0,275.4742147283415,0.3539799396992514,0.92475,0.0583333333333333,0.2157948396821555,0.06637123869361,-0.5064239958200729,19.657859802246094,
burst,24,-49.92759069688574,120.0,226.6714735706147,0.3315307180194721,0.9250833333333336,0.0,0.1564313354028041,0.0621620096286514,-0.4160632558073812,10.393653869628906,
burst,25,-49.38516831088408,120.0,213.35534196291863,0.3133991062345326,0.9238333333333334,0.0,0.091880966424791,0.0587623324189753,-0.4115430692573672,9.524949073791504,-0.4104962408418132
burst,26,-51.53396672623436,120.0,235.58846948333257,0.3366368880251092,0.9239583333333332,0.0,0.1161433429555352,0.0631194165047082,-0.4294497227186193,11.361865997314451,
burst,27,-49.42198209757375,120.0,213.3424886629195,0.3124134169650777,0.9238583333333332,0.0,0.112697246763918,0.0585775156809518,-0.4118498508131145,9.779522895812988,
burst,28,-49.952966140253054,120.0,221.5843098785553,0.324631241597823,0.9245333333333334,0.0,0.1329807354082433,0.0608683577995918,-0.416274717835442,10.134227752685549,
burst,29,-49.85023321585683,120.0,221.9518648403963,0.3189254537095311,0.9241583333333332,0.0,0.1009497375705389,0.0597985225705374,-0.4154186101321404,9.957826614379885,
burst,30,-49.2780397763905,120.0,213.88190208503016,0.3184498832871389,0.9237166666666669,0.0,0.109779317990917,0.0597093531163386,-0.4106503314699211,10.054052352905272,-0.4104962408418132
burst,31,-48.69117852746918,120.0,212.36754757142984,0.3059233177655475,0.9235166666666668,0.0,0.0549442860087925,0.05736062208104,-0.405759821062243,9.53215789794922,
burst,32,-50.077861033528144,120.0,215.0276406757089,0.3115149557901683,0.9233583333333332,0.0,0.0786214401483652,0.0584090542106565,-0.4173155086127345,10.192095756530762,
burst,33,-50.22630520047643,120.0,217.30311829234716,0.3295082002274566,0.9238,0.0,0.1283437514241478,0.0617827875426479,-0.4185525433373034,10.04027271270752,
burst,34,-48.90959313878477,120.0,212.9417671708834,0.2997123564556704,0.9240166666666668,0.0,0.0708652075738703,0.0561960668354377,-0.4075799428232065,9.491787910461426,
burst,35,-50.187117372278806,120.0,215.46292738859108,0.3161278055820413,0.9234583333333332,0.0,0.0913545918105091,0.0592739635466326,-0.4182259781023233,10.629727363586426,-0.4104962408418132
burst,36,-49.39034303406351,120.0,214.37770839342943,0.3116642267224829,0.9236,0.0,0.0996587970321501,0.0584370425104658,-0.4115861919505294,10.090235710144045,
burst,37,-51.11973230443557,120.0,223.6755191279568,0.3096067153005407,0.9234,0.0,0.066751612920984,0.0580512591188506,-0.4259977692036296,11.08326244354248,
burst,38,-48.8695464385258,120.0,212.34141324616425,0.2984238288272851,0.9236,0.0,0.0637917664773121,0.0559544679051154,-0.4072462203210482,9.808759689331056,
burst,39,-50.1304290360052,120.0,216.80886734846263,0.3137028294773402,0.9240916666666668,0.0,0.1054356438854848,0.0588192805270013,-0.4177535753000433,10.221465110778809,
burst,40,-50.369683222351895,120.0,222.2541712944984,0.3313459866291038,0.923975,0.0,0.1452331834855384,0.062127372492957,-0.4197473601862658,10.721376419067385,-0.4104962408418132
burst,41,-50.02188750424781,120.0,211.7853250811833,0.3063437137706148,0.9236583333333334,0.0,0.1029959173271228,0.0574394463319898,-0.4168490625353983,10.715569496154783,
burst,42,-49.88046300602736,120.0,217.5053296479323,0.3075564214145395,0.9237,0.0,0.0789605172257262,0.0576668290152262,-0.4156705250502282,10.786803245544434,
burst,43,-50.06496212322697,120.0,221.32561433380096,0.3103629355826977,0.924075,0.0,0.1042850329797282,0.0581930504217558,-0.4172080176935578,10.80740737915039,
burst,44,-50.33244422409104,120.0,229.3765959550678,0.3077074816973606,0.9239166666666668,0.0,0.0868965229413757,0.0576951528182548,-0.4194370352007587,11.212016105651855,
burst,45,-49.36946784387604,120.0,224.43006395334567,0.3137735235566202,0.9239166666666668,0.0,0.0989458845330438,0.0588325356668664,-0.4114122320323001,10.818507194519045,-0.4104962408418132
burst,46,-49.70486438921039,120.0,209.2092270700042,0.3168544772936978,0.923575,0.0,0.095289302458551,0.0594102144925684,-0.4142072032434202,10.978926658630373,
burst,47,-49.40763877732635,120.0,210.96203871085447,0.308449501990242,0.924275,0.0,0.110186734518881,0.0578342816231705,-0.4117303231443863,11.411107063293455,
burst,48,-50.41702159284961,120.0,222.72372930628592,0.3122050367666666,0.9240166666666668,0.0,0.097664664534548,0.0585384443937501,-0.4201418466070802,11.14146327972412,
burst,49,-49.582828736162696,120.0,212.8341861472935,0.3086999748789871,0.9233166666666668,0.0,0.0575975834268683,0.0578812452898102,-0.4131902394680228,11.49448299407959,
burst,50,-49.52278850196559,120.0,211.58216103435905,0.3108558073482222,0.924275,0.0,0.1684491748832366,0.0582854638777915,-0.4126899041830463,11.898701667785645,-0.4104962408418132
burst,51,-49.70979245945372,120.0,216.03060467921225,0.317744359017145,0.9237583333333332,0.0,0.1022497053294382,0.0595770673157145,-0.4142482704954477,11.553975105285645,
burst,52,-49.58120083005509,120.0,214.5296298298397,0.3086516829212704,0.9235166666666668,0.0,0.1064497802055535,0.0578721905477381,-0.4131766735837922,12.169755935668944,
burst,53,-50.44748840689579,120.0,222.41780785600625,0.3304815088353929,0.923675,0.0,0.1436105532420885,0.0619652829066358,-0.4203957367241315,12.623875617980955,
burst,54,-49.34107775672837,120.0,215.76979659654347,0.3050487504454055,0.9232583333333332,0.0,0.0581448230483722,0.0571966407085132,-0.4111756479727362,12.284811973571776,
burst,55,-49.13015773343307,120.0,208.65851803374343,0.2961900785005042,0.9232583333333332,0.0,0.0559483015126556,0.0555356397188446,-0.4094179811119423,12.625487327575684,-0.4104962408418132
burst,56,-49.20954738254948,120.0,204.3537017795732,0.3058599283430528,0.9232583333333332,0.0,0.0430114432039065,0.0573487365643221,-0.4100795615212455,12.48630428314209,
burst,57,-49.56687587625583,120.0,213.81877332865457,0.306456489424445,0.9232,0.0,0.0503775907754417,0.0574605917670834,-0.4130572989687988,12.985519409179688,
burst,58,-48.39786570577869,120.0,205.5429821655985,0.2973728864819892,0.9231,0.0,0.0374911805442967,0.0557574162153731,-0.4033155475481555,12.980268478393556,
burst,59,-48.92814272985112,120.0,208.75756149358827,0.2992544387209584,0.9234,0.0,0.0446656750021941,0.0561102072601801,-0.4077345227487594,13.192660331726074,
burst,60,-48.74041690842308,120.0,212.00917466818728,0.3023443554759685,0.9235583333333334,0.0,0.0792515906408367,0.0566895666517438,-0.4061701409035258,13.65924835205078,-0.4104962408418132
burst,61,-49.67314254011552,120.0,209.3158755096091,0.3113961684852179,0.9232,0.0,0.0726877910967104,0.0583867815909783,-0.4139428545009626,13.840558052062988,
burst,62,-49.48972916235374,120.0,211.135390342569,0.297798763708238,0.9232,0.0,0.0562768263550359,0.0558372681952947,-0.4124144096862813,14.210439682006836,
burst,63,-48.71687587710251,120.0,202.95589527142027,0.2912741172076286,0.9233,0.0,0.0525006236699212,0.0546138969764304,-0.4059739656425209,14.350069046020508,
burst,64,-49.70423126917264,120.0,208.78800996223524,0.3130769524616327,0.9232,0.0,0.061894447552415,0.0587019285865562,-0.414201927243105,14.721399307250977,
burst,65,-48.37034607228612,120.0,206.146120585123,0.2946350305834393,0.9231,0.0,0.052112242583036,0.055244068234395,-0.403086217269051,14.828457832336426,-0.4104962408418132
burst,66,-49.440245432570734,120.0,217.57096982689745,0.295891102759562,0.9238,0.0,0.0837029940489225,0.0554795817674178,-0.4120020452714227,15.117719650268556,
burst,67,-49.461571574293856,120.0,209.1992490741169,0.3013124717850051,0.9233583333333332,0.0,0.0655406576052921,0.0564960884596881,-0.4121797631191154,14.955988883972168,
burst,68,-48.84327276714672,120.0,211.0063121976964,0.3029430958802276,0.9238,0.0,0.0811731811763567,0.0568018304775425,-0.4070272730595558,14.855636596679688,
burst,69,-49.21628559629353,120.0,209.06570748158455,0.2961290423440971,0.9241166666666668,0.0,0.0861175941674333,0.0555241954395187,-0.4101357133024462,14.743600845336914,
burst,70,-49.67332147322845,120.0,217.84075084929185,0.2977615632605435,0.9238,0.0,0.092478664504099,0.0558302931113521,-0.413944345610237,15.21563720703125,-0.4104962408418132
burst,71,-49.74212807213208,120.0,216.576070961324,0.3113335299375898,0.9237583333333332,0.0,0.1106978350148613,0.0583750368632982,-0.4145177339344342,15.229530334472656,
burst,72,-49.57383938347351,120.0,216.2290670405421,0.3048201743337767,0.924,0.0,0.1054129550331976,0.0571537826875829,-0.4131153281956126,15.246733665466309,
burst,73,-48.59811686724919,120.0,211.49819415108456,0.2973677320010456,0.9239583333333332,0.0,0.0805355406984698,0.0557564497501958,-0.4049843072270764,15.269593238830566,
burst,74,-49.14809871433226,120.0,210.4832120960864,0.3064230771159003,0.9234166666666668,0.0,0.0780916575296532,0.0574543269592312,-0.4095674892861021,15.2020845413208,
burst,75,-49.944012139090816,120.0,221.3620338914416,0.3098796673797563,0.9234583333333332,0.0,0.0642491226269207,0.0581024376337044,-0.41620010115909,14.74958610534668,-0.4104962408418132
burst,76,-49.311191492776175,120.0,215.22817828571692,0.3013433293658508,0.9233583333333332,0.0,0.0575924502099248,0.0565018742560969,-0.4109265957731345,15.04891586303711,
burst,77,-49.87685495735734,120.0,214.43091463986977,0.3032356440793144,0.9232166666666668,0.0,0.059304282288532,0.0568566832648715,-0.4156404579779777,15.043644905090332,
burst,78,-49.16497122918592,120.0,212.84066771029617,0.2926014321583527,0.9236,0.0,0.0579912075018969,0.0548627685296911,-0.4097080935765491,15.165623664855955,
burst,79,-50.31743209470198,120.0,216.86098686483268,0.3031959054760029,0.9235583333333334,0.0,0.069023736000278,0.0568492322767504,-0.4193119341225161,15.396903038024902,
burst,80,-49.21202282888757,120.0,219.2334862373789,0.3066100155983645,0.9235583333333334,0.0,0.0702036790510222,0.0574893779246933,-0.4101001902407298,14.98744297027588,-0.4104962408418132
burst,81,-49.08466043002803,120.0,210.58667970521552,0.2985164568898151,0.9235,0.0,0.0514427276303417,0.055971835666841,-0.4090388369169003,15.125908851623535,
burst,82,-49.189617668311605,120.0,211.54867787020976,0.2909770088868962,0.9239,0.0,0.0712156417853928,0.0545581891662928,-0.4099134805692633,14.778590202331545,
burst,83,-49.56738912679312,120.0,215.28236965575704,0.3025395784153274,0.9238,0.0,0.0641721703356768,0.0567261709528738,-0.4130615760566093,15.04178524017334,
burst,84,-48.97137237146272,120.0,213.29630584349167,0.3002636627492995,0.9247,0.0,0.1512793414981693,0.0562994367654932,-0.4080947697621895,14.417096138000488,
burst,85,-49.253084250034085,120.0,223.21604128182167,0.2935885032504677,0.9245,0.0,0.1374384506673616,0.0550478443594624,-0.4104423687502839,14.610812187194824,-0.4104962408418132
burst,86,-48.62601104418718,120.0,213.63334775252997,0.294133276245998,0.9239,0.0,0.0813528598555849,0.0551499892961251,-0.4052167587015599,14.828259468078612,
burst,87,-48.39847739517322,120.0,214.10722295060305,0.2827815631062172,0.9247,0.0,0.1128903347771649,0.0530215430824156,-0.4033206449597769,14.505239486694336,
burst,88,-49.86078986812403,120.0,223.241820649259,0.2891634220315235,0.9244,0.0,0.1122115741796857,0.0542181416309104,-0.4155065822343667,14.204476356506348,
burst,89,-48.71866365130138,120.0,226.26468344034888,0.2680794292543104,0.9259,0.0,0.1622568811466224,0.0502648929851825,-0.4059888637608448,14.388993263244627,
burst,90,-49.90404403809555,120.0,220.67815465219115,0.3047308978135194,0.9244,0.0,0.121229499688853,0.0571370433400354,-0.4158670336507963,14.550427436828612,-0.4104962408418132
burst,91,-48.72406408479228,120.0,211.5751934038869,0.2887930215938192,0.9239,0.0,0.098536677139488,0.0541486915488411,-0.4060338673732691,14.334996223449709,
burst,92,-48.613026383912725,120.0,206.1879762791409,0.2904835017285199,0.9242,0.0,0.0945184828445064,0.0544656565740973,-0.4051085531992724,14.011434555053713,
burst,93,-48.98061381300927,120.0,204.26075599210927,0.2965131641397985,0.9235583333333334,0.0,0.0558724457528725,0.0555962182762117,-0.4081717817750772,14.076910972595217,
burst,94,-49.61958045906519,120.0,218.40919146017012,0.3000639039114359,0.9238,0.0,0.084193932925889,0.0562619819833944,-0.4134965038255435,13.814753532409668,
burst,95,-49.25744812813047,120.0,213.31788995303276,0.2957995462238827,0.9238166666666668,0.0,0.1034194173408425,0.055462414916978,-0.4104787344010877,13.970064163208008,-0.4104962408418132
burst,96,-49.26173919817563,120.0,211.6854849703465,0.3000512707195733,0.9239,0.0,0.1005349736556121,0.0562596132599197,-0.4105144933181303,13.529423713684082,
burst,97,-48.72611608505722,120.0,209.5329312669742,0.2943557219216609,0.9239166666666668,0.0,0.0983316929587254,0.0551916978603111,-0.4060509673754767,13.950493812561035,
burst,98,-48.88141687245669,120.0,212.44713657879876,0.2972013636972809,0.924,0.0,0.0846150251194273,0.0557252556932403,-0.4073451406038057,13.991528511047363,
burst,99,-48.77770931756889,120.0,206.9738579081747,0.2957373356744674,0.924275,0.0,0.1123060574485362,0.055450750438963,-0.4064809109797408,13.136845588684082,
burst,100,-48.29528585426939,120.0,212.28581140813017,0.2798916483536501,0.9247,0.0,0.1153860003839712,0.0524796840663092,-0.4024607154522451,13.401424407958984,-0.4104962408418132
fluctuation,1,-71.863653832984,120.0,366.50886444575445,0.6090363232153557,0.931025,0.075,0.285603411116933,0.1141943106028793,-0.5988637819415332,38.23780822753906,
fluctuation,2,-71.87925168850443,120.0,370.6948835670336,0.6362136569725251,0.9310666666666668,0.0666666666666666,0.2923844953516048,0.1192900606823481,-0.5989937640708706,36.46417236328125,
fluctuation,3,-70.45545014779597,120.0,384.2229951672018,0.63805412306533,0.9310000000000002,0.05,0.2750302087525288,0.1196351480747495,-0.5871287512316331,35.97663497924805,
fluctuation,4,-72.32951477848677,120.0,370.9833065622343,0.6272294221036678,0.9296,0.075,0.2494945450694559,0.1176055166444383,-0.6027459564873896,36.66630172729492,
fluctuation,5,-106.33289607743814,120.0,551.7252471474948,0.663492686383273,0.9314750000000002,0.2333333333333333,0.3354506425136377,0.1244048786968637,-0.8861074673119845,82.68904876708984,-2.3770672888189943
fluctuation,6,-77.25728653754209,120.0,419.6853863554989,0.6518858339286523,0.9303333333333332,0.0916666666666666,0.3093267255152134,0.1222285938616218,-0.643810721146184,38.752532958984375,
fluctuation,7,-69.02184868139672,120.0,401.2957016611176,0.6116373222187759,0.9311333333333336,0.0333333333333333,0.3799137885422753,0.1146819979160205,-0.5751820723449728,29.03274917602539,
fluctuation,8,-92.54758478361067,120.0,473.60466716492687,0.6349612634525817,0.9314166666666668,0.1916666666666666,0.3201755266639513,0.1190552368973592,-0.7712298731967556,57.36978149414063,
fluctuation,9,-80.38509077221602,120.0,390.0065516458604,0.618110711931319,0.9310666666666668,0.1416666666666666,0.3371736518389802,0.1158957584871225,-0.6698757564351335,40.76303482055664,
fluctuation,10,-77.67289793151055,120.0,400.0851769189551,0.6092516199364036,0.9313083333333334,0.1166666666666666,0.3143066083540838,0.1142346787380761,-0.6472741494292547,34.06721496582031,-2.6217836841417954
fluctuation,11,-80.78632021424167,120.0,409.69225878826666,0.6340414586048498,0.931175,0.125,0.2896363384534468,0.1188827734884097,-0.6732193351186805,40.56343078613281,
fluctuation,12,-68.31680499479513,120.0,391.3249637536172,0.6213585002203563,0.93045,0.0333333333333333,0.2807381060455139,0.1165047187913167,-0.5693067082899593,25.821483612060547,
fluctuation,13,-82.00749314594901,120.0,418.13850116652776,0.7017830335495532,0.9308416666666666,0.125,0.2976985646368194,0.131584318790541,-0.6833957762162417,37.573219299316406,
fluctuation,14,-73.77427094317345,120.0,392.3522573016907,0.6145407639385099,0.930225,0.075,0.2973538937028558,0.1152263932384705,-0.6147855911931125,29.649248123168945,
fluctuation,15,-114.93647276263854,120.0,553.0613756575013,0.6697139623971128,0.9308333333333336,0.3083333333333333,0.3111496013170772,0.1255713679494585,-0.9578039396886548,105.96902465820312,-0.6287297388953822
fluctuation,16,-69.83862321352072,120.0,379.5027828475626,0.6334888993674641,0.931325,0.0416666666666666,0.2584783308677626,0.1187791686313994,-0.5819885267793395,23.59482955932617,
fluctuation,17,-69.95534912408449,120.0,382.76334420542383,0.6134143044356596,0.9321833333333334,0.05,0.2518075050961858,0.115015182081686,-0.5829612427007039,24.19322967529297,
fluctuation,18,-67.7566096719681,120.0,394.53478830655087,0.6101261937204728,0.9317583333333334,0.025,0.3024795985129049,0.1143986613225889,-0.5646384139330674,22.1550235748291,
fluctuation,19,-66.47553426647198,120.0,374.9208504261825,0.6204202715093428,0.9316083333333334,0.025,0.2206691974235338,0.1163288009080016,-0.5539627855539334,20.354087829589844,
fluctuation,20,-73.01590526119101,120.0,408.5281432368794,0.6524627478476098,0.9319833333333334,0.0583333333333333,0.2474067889911224,0.1223367652214272,-0.6084658771765917,24.23508644104004,-1.6216015088697997
fluctuation,21,-73.72676232477362,120.0,409.2923655241555,0.6438599754363395,0.93145,0.0666666666666666,0.3145116663887724,0.1207237453943135,-0.6143896860397798,25.655879974365234,
fluctuation,22,-68.67985535559909,120.0,382.7454215764991,0.6409878997301616,0.931775,0.0333333333333333,0.2866643136248948,0.1201852311994051,-0.5723321279633259,22.08011817932129,
fluctuation,23,-75.16792765998787,120.0,414.6247765618575,0.6448086136613312,0.93145,0.0666666666666666,0.305196240867284,0.1209016150614996,-0.6263993971665659,25.85760498046875,
fluctuation,24,-84.59670074521817,120.0,443.0473775356524,0.6912207737379518,0.9308166666666666,0.125,0.3325130356308249,0.1296038950758662,-0.7049725062101514,38.16047286987305,
fluctuation,25,-86.27113104836347,120.0,456.7215503903447,0.6834891699157877,0.930175,0.1416666666666666,0.3931978712612923,0.1281542193592096,-0.7189260920696953,39.92827606201172,-0.7267259266918029
fluctuation,26,-84.02057185253562,120.0,438.3482738737424,0.6613161684135072,0.9307916666666666,0.1333333333333333,0.3765745233960744,0.1239967815775326,-0.7001714321044635,37.92789077758789,
fluctuation,27,-79.78563362619595,120.0,424.9497895607848,0.6543163805609834,0.9302916666666666,0.1083333333333333,0.3130404856279233,0.1226843213551844,-0.6648802802182996,31.351228713989254,
fluctuation,28,-71.32611653102407,120.0,395.6775302790713,0.6406452219423435,0.9304916666666666,0.05,0.3381748337934075,0.1201209791141898,-0.5943843044252005,23.210397720336918,
fluctuation,29,-87.37531085048312,120.0,444.8907687922013,0.6469810294673157,0.93045,0.1583333333333333,0.3381172967123012,0.1213089430251215,-0.7281275904206924,42.33358001708984,
fluctuation,30,-72.79803702557511,120.0,410.2799090834225,0.6372969723450044,0.9310416666666668,0.0583333333333333,0.303315469227933,0.1194931823146883,-0.6066503085464593,24.43509864807129,-0.6064870845269869
fluctuation,31,-64.41162337741487,120.0,374.6705378051908,0.6189830105000561,0.9313916666666668,0.0083333333333333,0.2458573692360877,0.1160593144687607,-0.5367635281451238,18.165054321289062,
fluctuation,32,-70.83787673538015,120.0,390.81808022314544,0.6545376841455897,0.9313166666666668,0.0416666666666666,0.2783682444907315,0.1227258157772981,-0.5903156394615009,22.749740600585938,
fluctuation,33,-66.7333103113771,120.0,366.1392125461129,0.6432141800082707,0.9306,0.025,0.2365792259590476,0.1206026587515507,-0.5561109192614757,19.72736930847168,
fluctuation,34,-67.04941093618557,120.0,384.8410370846421,0.6336757675436612,0.9312,0.0166666666666666,0.2457246900706088,0.1188142064144361,-0.5587450911348798,18.95783424377441,
fluctuation,35,-67.55305176777016,120.0,386.6207750373305,0.6073315289487459,0.9320500000000002,0.0333333333333333,0.216216644936013,0.1138746616778896,-0.5629420980647512,19.06596565246582,-0.6287297388953822
fluctuation,36,-68.10093855349164,120.0,370.6955086506143,0.5979306216447252,0.9321750000000002,0.0416666666666666,0.2403927668346583,0.1121119915583861,-0.5675078212790969,18.228416442871094,
fluctuation,37,-70.1030238466566,120.0,393.9801842282295,0.6313397619664894,0.9327916666666668,0.0583333333333333,0.1967279244142841,0.1183762053687169,-0.5841918653888051,21.6344051361084,
fluctuation,38,-68.92758680329999,120.0,385.9152959734501,0.6017423968366644,0.9331583333333336,0.05,0.1598244881116412,0.1128266994068747,-0.5743965566941666,20.81056404113769,
fluctuation,39,-71.29112505582376,120.0,400.82316459216247,0.6305893786158736,0.933291666666667,0.0583333333333333,0.1535819725125108,0.1182355084904762,-0.594092708798531,21.754175186157227,
fluctuation,40,-75.03114245442791,120.0,406.04315633234165,0.6375332491831294,0.9329000000000002,0.075,0.1641593846187262,0.1195374842218373,-0.6252595204535657,23.43201065063477,-0.6287297388953822
fluctuation,41,-73.96639978704322,120.0,415.5936567426445,0.6525801176306666,0.9333833333333336,0.0666666666666666,0.1440655338592499,0.1223587720557499,-0.6163866648920269,23.0283203125,
fluctuation,42,-68.93131323913816,120.0,387.33915289400863,0.6202633382831846,0.9334083333333336,0.0416666666666666,0.1532900588099534,0.1162993759280965,-0.5744276103261513,19.83844757080078,
fluctuation,43,-71.26785376462404,120.0,405.2063996560851,0.6279575081586058,0.9335083333333336,0.05,0.1278425723980575,0.1177420327797383,-0.5938987813718674,22.473087310791016,
fluctuation,44,-69.99468903812325,120.0,399.24227877697655,0.671364706012194,0.9333750000000002,0.0416666666666666,0.1515357343306557,0.1258808823772863,-0.5832890753176938,20.882814407348636,
fluctuation,45,-72.22502713637944,120.0,396.5106173626672,0.6422971420610746,0.9336500000000004,0.0666666666666666,0.1304383459293383,0.1204307141364513,-0.6018752261364952,23.218181610107425,-0.6287297388953822
fluctuation,46,-76.81582745563725,120.0,422.5228045084839,0.6487057444549795,0.9332166666666668,0.0916666666666666,0.1486711894329335,0.1216323270853089,-0.6401318954636442,25.39740753173828,
fluctuation,47,-70.23011081895214,120.0,390.5131595393439,0.6390778921003678,0.934266666666667,0.05,0.1218291536298231,0.1198271047688189,-0.5852509234912678,22.33098030090332,
fluctuation,48,-80.27576307575389,120.0,416.5608201888406,0.6418649937794912,0.9336750000000004,0.1166666666666666,0.1298181725306452,0.1203496863336547,-0.6689646922979489,28.363941192626957,
fluctuation,49,-69.1500336054072,120.0,401.0944958569013,0.6379989851160952,0.9335666666666668,0.0416666666666666,0.1613022844878971,0.1196248097092682,-0.5762502800450603,21.11736297607422,
fluctuation,50,-67.43398143135661,120.0,373.3252049498479,0.5964490674024614,0.9337166666666668,0.0416666666666666,0.104649800946338,0.1118342001379618,-0.5619498452613053,19.739028930664062,-0.6287297388953822
fluctuation,51,-69.6411687490596,120.0,394.49988554839297,0.636660439025165,0.9334916666666668,0.0416666666666666,0.1568550457557185,0.1193738323172184,-0.5803430729088299,17.466611862182617,
fluctuation,52,-69.58250973950778,120.0,401.75779190185546,0.6498699568256723,0.9333833333333336,0.0416666666666666,0.159676875824037,0.1218506169048136,-0.5798542478292315,21.50748634338379,
fluctuation,53,-70.30967409820892,120.0,380.4070160146213,0.6410618038089766,0.932775,0.05,0.1908810284594677,0.1201990882141832,-0.5859139508184071,22.64238739013672,
fluctuation,54,-69.82695006891032,120.0,392.6277802491478,0.6188173113378536,0.9328083333333336,0.05,0.1761996067657201,0.1160282458758472,-0.5818912505742527,23.64313507080078,
fluctuation,55,-74.49597598779589,120.0,404.3546395087893,0.6469309366645359,0.9325750000000002,0.0833333333333333,0.2014694574881776,0.1212995506246008,-0.6207997998982991,24.11457061767578,-0.6287297388953822
fluctuation,56,-70.9230836615612,120.0,376.33855116296655,0.603246511252094,0.9332333333333336,0.075,0.1090617117345472,0.1131087208597676,-0.5910256971796767,23.85890007019043,
fluctuation,57,-70.81669596877676,120.0,400.60361721423686,0.6223488420574911,0.9334250000000002,0.05,0.1607903198525551,0.1166904078857795,-0.5901391330731395,21.4805850982666,
fluctuation,58,-69.59633175934698,120.0,406.4385386727171,0.6438976106130259,0.9339583333333336,0.0333333333333333,0.1154568217637906,0.120730801989942,-0.5799694313278912,20.83675193786621,
fluctuation,59,-64.24002551382847,120.0,352.2991530205733,0.5712214210990268,0.9336500000000004,0.0333333333333333,0.1031036447176253,0.1071040164560673,-0.5353335459485709,20.577533721923828,
fluctuation,60,-76.06096650320654,120.0,405.6347994772319,0.6445575858672792,0.9336083333333336,0.0916666666666666,0.1230319046387198,0.1208545473501147,-0.6338413875267211,25.487695693969727,-0.6287297388953822
fluctuation,61,-68.87064431814757,120.0,399.89734341184766,0.627866191524931,0.9331750000000002,0.0333333333333333,0.1419126525144658,0.1177249109109244,-0.5739220359845632,22.668142318725582,
fluctuation,62,-70.43552682426146,120.0,415.54549967578095,0.6529086251905433,0.9337333333333336,0.0333333333333333,0.1320423585274158,0.1224203672232269,-0.5869627235355123,21.61562728881836,
fluctuation,63,-71.07256208604933,120.0,423.3320643610575,0.6579298542462746,0.9333666666666668,0.0416666666666666,0.1493517758693468,0.1233618476711766,-0.5922713507170777,21.76954841613769,
fluctuation,64,-71.45049696763564,120.0,398.3809171756952,0.6231575369228138,0.9333083333333336,0.0666666666666666,0.1022266714414819,0.1168420381730277,-0.59542080806363,24.79804992675781,
fluctuation,65,-78.52213662923525,120.0,426.3051176552066,0.675394675174278,0.9327083333333336,0.1,0.2187146567850622,0.1266365015951771,-0.6543511385769603,30.068862915039062,-0.6287297388953822
fluctuation,66,-74.37800667821467,120.0,415.831332876953,0.6692005471526018,0.9331250000000002,0.075,0.1827475608034107,0.1254751025911125,-0.6198167223184557,24.86798095703125,
fluctuation,67,-66.8267314374871,120.0,394.0677564368583,0.611509209608571,0.93315,0.025,0.1317253416566001,0.1146579768016069,-0.5568894286457258,21.366544723510746,
fluctuation,68,-72.47451213709972,120.0,385.633420631533,0.619338000177942,0.9329083333333336,0.075,0.1671043115227818,0.1161258750333643,-0.6039542678091644,23.702198028564453,
fluctuation,69,-69.83480002518293,120.0,396.4188583549587,0.6190805235356677,0.9322833333333336,0.0416666666666666,0.1302138352809599,0.1160775981629372,-0.5819566668765247,23.13895606994629,
fluctuation,70,-65.47979153566793,120.0,387.0994022587132,0.5962298571181789,0.9321666666666668,0.0166666666666666,0.1254949286922033,0.1117930982096591,-0.5456649294638996,19.16250991821289,-0.6287297388953822
fluctuation,71,-68.1552168564474,120.0,387.2676690427287,0.6409065246408429,0.931275,0.025,0.1813248445980138,0.1201699733701583,-0.5679601404703949,21.446792602539062,
fluctuation,72,-69.85501878520292,120.0,382.8853113605061,0.6270519070436851,0.93135,0.05,0.2007064914928831,0.1175722325706911,-0.5821251565433577,22.455150604248047,
fluctuation,73,-81.90904762477277,120.0,438.172082808671,0.6685538667147594,0.9316666666666668,0.125,0.2463276553456086,0.125353850009017,-0.6825753968731066,32.39876174926758,
fluctuation,74,-67.36086459460972,120.0,377.9886010438091,0.6258345297035708,0.9307916666666668,0.025,0.2265283413253524,0.1173439743194197,-0.5613405382884143,22.72784423828125,
fluctuation,75,-69.64015989367938,120.0,381.0790753784267,0.6307185854725859,0.9299833333333336,0.05,0.2048778979645267,0.1182597347761098,-0.5803346657806616,22.45997810363769,-0.6541171119884012
fluctuation,76,-72.41901401733479,120.0,386.7405838353733,0.6425912767726186,0.92925,0.0583333333333333,0.2254355770442651,0.1204858643948656,-0.60349178347779,24.901508331298828,
fluctuation,77,-80.45733026116432,120.0,393.67836738834825,0.679224758150397,0.9284750000000002,0.1166666666666666,0.1922627650016443,0.1273546421531993,-0.6704777521763692,27.584718704223636,
fluctuation,78,-71.81275923959184,120.0,390.7735410256132,0.6379552076250588,0.9300166666666668,0.05,0.1603113615643712,0.1196166014296987,-0.598439660329932,25.26607131958008,
fluctuation,79,-75.57720533647779,120.0,406.7626775590519,0.6585092358402039,0.9312166666666668,0.075,0.129274275523467,0.123470481720038,-0.629810044470648,28.526460647583008,
fluctuation,80,-73.83085675468926,120.0,404.5387023911775,0.6926897897784673,0.9309333333333336,0.05,0.181855134508787,0.1298793355834626,-0.6152571396224107,25.630125045776367,-0.6287297388953822
fluctuation,81,-69.77843555339673,120.0,390.4538598173458,0.6199888891243901,0.9322166666666668,0.05,0.1340373736093302,0.1162479167108232,-0.5814869629449729,25.524066925048828,
fluctuation,82,-73.29912803226878,120.0,397.2267279155691,0.6609168092340539,0.9318500000000004,0.0666666666666666,0.1732802895959031,0.123921901731385,-0.610826066935573,25.312448501586918,
fluctuation,83,-70.90870680570649,120.0,418.4900287150323,0.689300100468339,0.9336416666666668,0.0333333333333333,0.1763263955430028,0.129243768837814,-0.590905890047554,23.918930053710938,
fluctuation,84,-73.42444534110335,120.0,407.096627162591,0.6520752870409176,0.9330000000000004,0.0666666666666666,0.1800466471660149,0.1222641163201717,-0.6118703778425283,25.651203155517575,
fluctuation,85,-75.11720626367796,120.0,394.0827490809115,0.6432163496716148,0.9337833333333336,0.0833333333333333,0.1585922945614055,0.1206030655634275,-0.625976718863983,30.41192626953125,-0.6287297388953822
fluctuation,86,-78.7872985896137,120.0,423.3317150758377,0.6977046762940853,0.9338500000000004,0.1,0.1930734530066488,0.1308196268051407,-0.6565608215801139,30.9953670501709,
fluctuation,87,-102.82093598919322,120.0,526.5026009205734,0.7468676539252533,0.9334166666666668,0.1916666666666666,0.2530150776716072,0.1400376851109848,-0.856841133243277,46.81003952026367,
fluctuation,88,-77.53069864386617,120.0,408.4870218543954,0.7209598616275278,0.933341666666667,0.0916666666666666,0.301754801602164,0.1351799740551612,-0.6460891553655511,29.34406280517578,
fluctuation,89,-81.93282123358735,120.0,427.2688760961375,0.7426242488418512,0.9338750000000002,0.1166666666666666,0.3005519409477721,0.1392420466578472,-0.6827735102798945,36.65529251098633,
fluctuation,90,-125.20033331956084,120.0,581.6126147808606,0.7792894373984289,0.9335500000000002,0.35,0.3202398143310975,0.1461167695122052,-1.04333611099634,103.42963409423828,-0.6287297388953822
fluctuation,91,-78.6056856438824,120.0,423.4792235681687,0.7163282886888251,0.9335833333333337,0.1,0.3070287560997227,0.1343115541291548,-0.6550473803656867,32.8896484375,
fluctuation,92,-77.6559521422855,120.0,421.1713171959772,0.7516784735728099,0.9339833333333336,0.0833333333333333,0.2560798471390385,0.1409397137949013,-0.647132934519046,35.918704986572266,
fluctuation,93,-160.47923497092376,120.0,879.72124189719,0.7726632806343726,0.9343833333333336,0.4,0.3203639365517972,0.1448743651189445,-1.3373269580910316,152.834716796875,
fluctuation,94,-98.57505745642716,120.0,502.4674631810352,0.8004332461931919,0.9343000000000004,0.2083333333333333,0.2882325038039106,0.1500812336612238,-0.8214588121368931,28.883527755737305,
fluctuation,95,-95.75089267272408,120.0,489.75681585549233,0.7899049825794149,0.9344250000000004,0.1833333333333333,0.3134535713729873,0.1481071842336401,-0.7979241056060342,40.28114700317383,-0.6287297388953822
fluctuation,96,-86.69712552757238,120.0,438.4691516714025,0.7408114692612278,0.9345083333333336,0.1583333333333333,0.2535484550522809,0.1389021504864802,-0.7224760460631033,36.825157165527344,
fluctuation,97,-111.32366574315648,120.0,528.6380901189644,0.778897009248175,0.934366666666667,0.275,0.2688110187971814,0.1460431892340331,-0.9276972145263042,64.55201721191406,
fluctuation,98,-69.43289176430164,120.0,395.2106800659784,0.6600528534309243,0.9344833333333336,0.0416666666666666,0.1580932574079099,0.1237599100182986,-0.5786074313691804,31.84869766235352,
fluctuation,99,-73.4536893724701,120.0,404.2334160999295,0.6882257089050289,0.9344583333333336,0.075,0.191700091374771,0.1290423204196928,-0.6121140781039174,32.84329605102539,
fluctuation,100,-82.58997770072924,120.0,446.3723082961771,0.7148295000938496,0.934716666666667,0.1083333333333333,0.1996322086132808,0.1340305312675964,-0.6882498141727431,40.69366836547852,-0.6287297388953822
energy_constrained,1,-66.96355728165958,120.0,418.27107243010784,0.5614356952343657,0.93165,0.2083333333333333,0.3502659510455957,0.3508973095214784,-0.5580296440138299,34.0228157043457,
energy_constrained,2,-56.06537868942291,120.0,331.4602499854246,0.4959245112017237,0.9307833333333336,0.1583333333333333,0.2934587571656376,0.2356632122469919,-0.4672114890785243,25.381282806396484,
energy_constrained,3,-49.592482535166944,120.0,325.1234894758866,0.5030460589967947,0.930575,0.0833333333333333,0.3529335912386911,0.3144037868729969,-0.4132706877930579,15.41985321044922,
energy_constrained,4,-45.15317223958423,120.0,293.9503243683099,0.482239737360165,0.9312416666666667,0.0583333333333333,0.2941558105693621,0.1494589053186323,-0.3762764353298687,13.22184944152832,
energy_constrained,5,-46.177683755502656,120.0,317.3983087488307,0.4706791467680586,0.9307333333333332,0.0666666666666666,0.325325982202909,0.1765046800380223,-0.3848140312958554,13.91636848449707,-0.2308046644755451
energy_constrained,6,-63.69646627168171,120.0,379.8750807690061,0.5265906878139982,0.9311416666666668,0.2,0.3710937124595662,0.2686098771071626,-0.5308038855973473,30.26091766357422,
energy_constrained,7,-41.6726399902225,120.0,270.4164107433324,0.4221569639568364,0.930875,0.05,0.3135910570217189,0.1854298704109376,-0.3472719999185207,9.288352966308594,
energy_constrained,8,-39.31308458784786,120.0,284.82428507906906,0.4215014105573662,0.9303500000000002,0.025,0.2974148915687461,0.21671521799068,-0.3276090382320655,8.133954048156738,
energy_constrained,9,-37.7673550892696,120.0,280.3922425944968,0.4027348997529033,0.9313083333333334,0.0166666666666666,0.2678899051530689,0.1510255874073386,-0.3147279590772468,6.564332962036133,
energy_constrained,10,-33.77970184365161,120.0,230.14487553010525,0.3972559450763271,0.9311333333333336,0.0,0.2783000013211907,0.1064078424311589,-0.2814975153637634,4.669865608215332,-0.2341754991828808
energy_constrained,11,-34.29126387505471,120.0,231.7625355107128,0.3846523331363025,0.9303333333333336,0.0083333333333333,0.2481546059508061,0.1882327795675493,-0.2857605322921225,4.8566060066223145,
energy_constrained,12,-43.31903429199381,120.0,291.7260815928232,0.4221167255466728,0.931175,0.0666666666666666,0.3510443470451324,0.1582937720800021,-0.3609919524332817,9.096869468688965,
energy_constrained,13,-33.529648425529324,120.0,235.78881813817296,0.3645690021158018,0.930575,0.0083333333333333,0.2612711727167788,0.1868038715139848,-0.279413736879411,4.634610652923584,
energy_constrained,14,-37.31251461262791,120.0,257.74488180111524,0.3551212912824601,0.931075,0.0416666666666666,0.2559753732337041,0.1331704842309222,-0.3109376217718994,6.313273906707764,
energy_constrained,15,-31.76956222627977,120.0,260.48889827183086,0.3208672603229251,0.9313666666666668,0.0,0.3090895484139549,0.1015857406500005,-0.2647463518856649,3.8141720294952393,-1.1061506092950906
energy_constrained,16,-33.34093952498465,120.0,270.8695609938019,0.3112243090154377,0.9320666666666668,0.0166666666666666,0.2802889475277734,0.1499969847511738,-0.2778411627082055,3.6996750831604,
energy_constrained,17,-29.351498028095143,120.0,249.64524093673444,0.2445553907366359,0.9332583333333336,0.0166666666666666,0.2318782372279636,0.0792551849603742,-0.2445958169007928,3.581141471862793,
energy_constrained,18,-30.041253924101188,120.0,254.94767286483412,0.2747991738776296,0.9329416666666668,0.0083333333333333,0.2494865921381333,0.1377777247290068,-0.2503437827008433,3.260217666625977,
energy_constrained,19,-29.92168643780514,120.0,249.5411348169177,0.2763331522557977,0.9326333333333336,0.0083333333333333,0.2491703688896024,0.0740178086399456,-0.2493473869817094,3.2725770473480225,
energy_constrained,20,-29.30241814491212,120.0,252.7825468454364,0.2698376388440469,0.9328166666666668,0.0,0.2208896342907053,0.0869476189238576,-0.2441868178742677,3.2312936782836914,-1.1061506092950906
energy_constrained,21,-29.79748409099941,120.0,255.0813238436022,0.2611022302873083,0.9331833333333336,0.0083333333333333,0.19374044581807,0.1122421012928204,-0.2483123674249952,3.88948392868042,
energy_constrained,22,-32.67106940876157,120.0,259.3759865048649,0.3151315029219681,0.9317000000000004,0.0083333333333333,0.2776337745307657,0.1181743135957382,-0.2722589117396797,4.487815380096436,
energy_constrained,23,-31.62207517608486,120.0,246.9791853364605,0.3139495561386169,0.9315833333333337,0.0083333333333333,0.2469204562219555,0.1177310835519811,-0.2635172931340404,4.272247314453125,
energy_constrained,24,-29.62352941293513,120.0,243.11317649460585,0.2735283970569174,0.932341666666667,0.0083333333333333,0.2295762449604005,0.1183973379202871,-0.2468627451077927,4.2194037437438965,
energy_constrained,25,-34.62669136503006,120.0,295.41686661618746,0.2704727767718459,0.932341666666667,0.0416666666666666,0.2889250728681569,0.1690454854824038,-0.2885557613752506,4.838503837585449,-1.5212225770669243
energy_constrained,26,-35.435369126587126,120.0,292.6113503371967,0.2793360708903462,0.9318166666666668,0.05,0.2912101634567279,0.1421800376188218,-0.2952947427215594,6.254228591918945,
energy_constrained,27,-31.05638765629668,120.0,268.87139746162825,0.2616041202745435,0.9318000000000002,0.0166666666666666,0.2709980940154123,0.1318842232549766,-0.2588032304691389,4.989157676696777,
energy_constrained,28,-37.38622718030688,120.0,281.68410154094744,0.2766704956325806,0.9313000000000002,0.075,0.2559082801633109,0.1387362587280907,-0.3115518931692239,6.9143242835998535,
energy_constrained,29,-34.033828004419625,120.0,274.9895698734954,0.261767618848389,0.9321833333333336,0.0416666666666666,0.2701153674125691,0.070116326477247,-0.2836152333701636,5.872488021850586,
energy_constrained,30,-28.919438961655757,120.0,241.48488150793128,0.2806595987462429,0.9315083333333336,0.0,0.2577031221095742,0.140031865893633,-0.2409953246804645,4.895519256591797,-1.5212225770669243
energy_constrained,31,-49.92267719435957,120.0,380.89315138539337,0.2903935955197815,0.9311916666666668,0.1666666666666666,0.2981826670084749,0.1408839726219621,-0.4160223099529965,13.676810264587402,
energy_constrained,32,-36.1035246722779,120.0,279.93268399920265,0.2994824305167123,0.9303333333333336,0.05,0.2397165779640946,0.1123059114437673,-0.3008627056023158,7.435207366943359,
energy_constrained,33,-36.35299268163863,120.0,265.6041488152607,0.3293092480968937,0.9298583333333336,0.0416666666666666,0.2933172227123556,0.1722086698944263,-0.3029416056803218,5.060830116271973,
energy_constrained,34,-29.78554135593785,120.0,239.8068608717758,0.2947537955160222,0.9309500000000004,0.0,0.2454054710160599,0.1268522205163085,-0.2482128446328154,5.3681721687316895,
energy_constrained,35,-30.25386576485451,120.0,247.24395366773223,0.2947462720361423,0.9309666666666668,0.0,0.2806552291961529,0.1331541477518136,-0.2521155480404543,5.774100303649902,-1.1061506092950906
energy_constrained,36,-31.22090005004927,120.0,234.6862258944506,0.3271930194415484,0.929775,0.0,0.233548479877029,0.1708725567231048,-0.2601741670837439,5.658342361450195,
energy_constrained,37,-28.755721996746693,120.0,262.86435877499025,0.2552380800377227,0.9310166666666668,0.0,0.228603166701186,0.1157583522318921,-0.2396310166395557,5.803411960601807,
energy_constrained,38,-29.5147549755985,120.0,238.05378057308147,0.267755568115218,0.9305583333333336,0.0083333333333333,0.19756623322745,0.1386319544425502,-0.2459562914633207,5.736006736755371,
energy_constrained,39,-28.54280239222987,120.0,236.8785622579386,0.2649568033894356,0.930875,0.0,0.208430249403688,0.0993588012710389,-0.2378566866019156,5.408125400543213,
energy_constrained,40,-27.410618296316784,120.0,232.7981077322212,0.2437978146173431,0.9307000000000002,0.0,0.1499403654710757,0.0653029860582169,-0.2284218191359732,5.100802898406982,-1.1061506092950906
energy_constrained,41,-29.88914320966456,120.0,260.7419569169496,0.2563892332431568,0.9309166666666668,0.0083333333333333,0.2188702388941274,0.1602432707769727,-0.2490761934138713,4.623377323150635,
energy_constrained,42,-27.66436108790224,120.0,223.03384946616765,0.2472741954233624,0.9312166666666668,0.0,0.1763626707725847,0.1241121662936399,-0.2305363423991852,4.871839046478272,
energy_constrained,43,-27.99456573567053,120.0,250.29865907141144,0.2448125793505636,0.9315583333333336,0.0,0.1974078241121319,0.0792761216792858,-0.2332880477972544,4.730097770690918,
energy_constrained,44,-28.251781152435832,120.0,286.2973352208553,0.2219688159853499,0.9324000000000002,0.0,0.1844921063467567,0.1101068432437415,-0.2354315096036318,4.896396636962891,
energy_constrained,45,-28.55362515450896,120.0,296.7083598962917,0.2038402333577824,0.9331000000000004,0.0083333333333333,0.2178153317933785,0.0657171056841597,-0.2379468762875747,4.7398200035095215,-1.1061506092950906
energy_constrained,46,-129.84049798515196,120.0,1214.6366150781682,0.1901538178627971,0.9341583333333338,0.7583333333333333,0.2041002075362258,0.0609509286239428,-1.0820041498762665,111.2510986328125,
energy_constrained,47,-39.838960337337866,120.0,371.8267540012166,0.1849979684721798,0.9339583333333336,0.1083333333333333,0.1756411884444046,0.0693742381770676,-0.3319913361444822,10.851496696472168,
energy_constrained,48,-140.57499742366542,120.0,1357.9649546734704,0.1761197425556827,0.9345000000000004,0.8333333333333334,0.205487619209276,0.0876598820461668,-1.171458311863878,119.9359130859375,
energy_constrained,49,-78.18385829238483,120.0,612.5703364595951,0.1901894097101349,0.9340583333333338,0.4333333333333333,0.2096291325794732,0.0613477446773951,-0.6515321524365402,40.96109390258789,
energy_constrained,50,-65.55905062575,120.0,533.1423086841949,0.1862415194804811,0.9341583333333338,0.325,0.1991945755679821,0.0845822284766619,-0.5463254218812498,20.299251556396484,-1.1061506092950906
energy_constrained,51,-44.62672901955964,120.0,447.2354988891424,0.1807192689268364,0.9344000000000005,0.1416666666666666,0.1909680511100563,0.0579709191977004,-0.3718894084963302,12.247899055480955,
energy_constrained,52,-101.34498287459948,120.0,745.6370375124626,0.1827188419174702,0.9341000000000004,0.6333333333333333,0.208159431525801,0.083314449884168,-0.8445415239549957,60.57999420166016,
energy_constrained,53,-82.95200728451549,120.0,654.5717634545173,0.1766049352635641,0.9345000000000004,0.4666666666666667,0.1953687601438282,0.0570004553812689,-0.6912667273709621,34.00634002685547,
energy_constrained,54,-34.623865553579975,120.0,328.8387648406298,0.1846228661825749,0.9337000000000004,0.0666666666666666,0.1598602967306515,0.1153892913641092,-0.2885322129464996,8.240269660949707,
energy_constrained,55,-52.23020297709864,120.0,451.2904802510749,0.1979060129326167,0.9340583333333338,0.2083333333333333,0.1953591167569376,0.0635776821353802,-0.435251691475822,14.786431312561035,-1.1061506092950906
energy_constrained,56,-93.14734280073554,120.0,737.2549902751322,0.1876014063350561,0.9340000000000004,0.55,0.2114775497339214,0.0601689129805365,-0.7762278566727965,49.76210784912109,
energy_constrained,57,-62.76084349072952,120.0,509.7490294861564,0.1997784496426725,0.9338000000000004,0.3,0.199138552338216,0.0986489315729162,-0.5230070290894129,17.642133712768555,
energy_constrained,58,-68.777939086092,120.0,583.4894041722868,0.1923372637892352,0.9338000000000004,0.35,0.2017891036534493,0.0515189099435455,-0.5731494923841001,23.65496253967285,
energy_constrained,59,-115.9533821290641,120.0,950.6171148718612,0.190746039186421,0.9337000000000004,0.6916666666666667,0.203580403806201,0.0510926890677914,-0.9662781844088671,84.9526138305664,
energy_constrained,60,-84.0056007074652,120.0,641.555750225309,0.1965141966633084,0.9335750000000002,0.4833333333333333,0.2016667479020043,0.0862127064163652,-0.70004667256221,55.488712310791016,-1.1061506092950906
energy_constrained,61,-114.63991622156657,120.0,1022.7109530383772,0.1860314285018195,0.9341000000000004,0.65,0.2054486228456799,0.0835846789145169,-0.955332635179721,77.40289306640625,
energy_constrained,62,-40.84277482957165,120.0,366.653873130156,0.1890489119062951,0.9335000000000004,0.1166666666666666,0.1967224842750911,0.0606497891561338,-0.3403564569130972,13.97947597503662,
energy_constrained,63,-34.67126110890449,120.0,313.8734767811312,0.1958912615220606,0.9335000000000004,0.0666666666666666,0.161553655997607,0.0986064567020408,-0.2889271759075373,10.849244117736816,
energy_constrained,64,-99.71650039526298,120.0,838.2351967297051,0.1938482574534024,0.9340000000000004,0.5666666666666667,0.1982648517105542,0.0519236403893041,-0.8309708366271915,53.77737808227539,
energy_constrained,65,-46.68486125469008,120.0,404.2363633861261,0.1936276722809974,0.9336000000000004,0.1666666666666666,0.1963598862569914,0.0518645550752672,-0.3890405104557504,6.825772285461426,-1.1061506092950906
energy_constrained,66,-86.96766793918655,120.0,655.6166318487155,0.1887996019180288,0.9336000000000004,0.5083333333333333,0.2136471340635305,0.0607247563956727,-0.724730566159888,38.16282272338867,
energy_constrained,67,-110.42941762422544,120.0,829.6978448436663,0.1841069840723277,0.9340000000000004,0.7,0.2058696171503623,0.0828636081163969,-0.9202451468685452,66.70091247558594,
energy_constrained,68,-35.74823201313757,120.0,338.8172177050198,0.1971001516784586,0.9332583333333336,0.0666666666666666,0.2005200594851647,0.063488973721389,-0.297901933442813,10.277393341064451,
energy_constrained,69,-78.4544186460941,120.0,622.4215592251528,0.2043490799600243,0.9335000000000004,0.425,0.2126124640965227,0.0547363607035779,-0.6537868220507842,26.718881607055664,
energy_constrained,70,-125.77230570595265,120.0,1064.9832925376957,0.1802845889548583,0.9338000000000004,0.7583333333333333,0.2051771755779141,0.0578004459142071,-1.0481025475496049,88.77235412597656,-1.1061506092950906
energy_constrained,71,-45.577807686001016,120.0,402.8609349367491,0.1992005258677379,0.9330000000000004,0.15,0.1881741247791792,0.0533572837145728,-0.3798150640500086,8.58914852142334,
energy_constrained,72,-55.42132085836251,120.0,466.8008953573402,0.1974312666173434,0.9333000000000004,0.2333333333333333,0.2109416997075634,0.0740367249815039,-0.4618443404863541,19.24842071533203,
energy_constrained,73,-70.2424051891338,120.0,649.2657197674872,0.1857590876876002,0.9337000000000004,0.3333333333333333,0.1864803985574104,0.1160994298047505,-0.585353376576115,20.28396797180176,
energy_constrained,74,-53.72325483215546,120.0,450.4575716506002,0.1952956537794245,0.9336000000000004,0.225,0.2025344466553324,0.0858899458221641,-0.4476937902679624,11.162680625915527,
energy_constrained,75,-85.83845016037297,120.0,687.5695006867419,0.2066328623427642,0.9333000000000004,0.4666666666666667,0.1844148439833116,0.1028584338843361,-0.7153204180031082,38.16944122314453,-1.1061506092950906
energy_constrained,76,-75.11513881588266,120.0,597.7164699385037,0.1919081432404055,0.9335000000000004,0.4,0.2028734710573329,0.085560611802141,-0.6259594901323557,34.22226333618164,
energy_constrained,77,-54.378294025360525,120.0,446.00168139912006,0.1805580233863551,0.9339000000000004,0.2333333333333333,0.1864957092464009,0.0789525353204014,-0.4531524502113377,14.90309715270996,
energy_constrained,78,-72.27500997388826,120.0,545.9531186981487,0.1808528982939218,0.9343000000000004,0.3916666666666666,0.1952771051868909,0.0584610688891948,-0.6022917497824023,31.342893600463867,
energy_constrained,79,-40.27610200502871,120.0,394.74810566913305,0.2081060411265004,0.9336000000000004,0.0916666666666666,0.2002444224901854,0.0892918431050162,-0.3356341833752393,10.892457962036133,
energy_constrained,80,-93.46234623733338,120.0,703.0064018768869,0.1858620115721116,0.9340000000000004,0.5666666666666667,0.1978834644327869,0.059416128738587,-0.7788528853111122,47.53180694580078,-1.1061506092950906
energy_constrained,81,-35.73485272776217,120.0,321.01875689829154,0.1931316913901544,0.9334583333333336,0.075,0.1768558763620048,0.0616423880798471,-0.2977904393980181,12.095332145690918,
energy_constrained,82,-67.29212083058898,120.0,548.0060517081106,0.1849823752530507,0.9340000000000004,0.3416666666666667,0.1877272479873714,0.0592770061339426,-0.5607676735882418,19.581398010253903,
energy_constrained,83,-63.41954812628343,120.0,520.9811165238339,0.1811365505406723,0.9341000000000004,0.3083333333333333,0.1941590134614347,0.1132103440879206,-0.5284962343856952,19.67385482788086,
energy_constrained,84,-64.74432203075048,120.0,512.8761517171997,0.1905955650088623,0.9337583333333336,0.3166666666666666,0.1836881378243629,0.0859035597511189,-0.5395360169229206,17.862316131591797,
energy_constrained,85,-56.63334583070392,120.0,472.1402400807607,0.2012617774884848,0.9334000000000005,0.25,0.1836812326106461,0.064388489356013,-0.4719445485891994,11.778810501098633,-1.1061506092950906
energy_constrained,86,-65.15479620719127,120.0,534.8319930475285,0.1930420595784096,0.9338000000000004,0.325,0.1942598007501038,0.0619495532857011,-0.5429566350599271,25.011831283569336,
energy_constrained,87,-93.46414837743212,120.0,638.064295542952,0.2090549709297467,0.9332583333333336,0.5833333333333334,0.2025041181873078,0.0969918572838393,-0.7788679031452678,48.92921829223633,
energy_constrained,88,-77.03281413772872,120.0,539.3758752676542,0.1944375307833662,0.9339000000000004,0.4333333333333333,0.2108265364493822,0.0830290359575836,-0.6419401178144056,34.130496978759766,
energy_constrained,89,-59.10309064054916,120.0,479.7302199744463,0.1877360597540454,0.9335583333333336,0.275,0.207524792196537,0.0924358925148315,-0.4925257553379096,19.748384475708008,
energy_constrained,90,-35.863297657819494,120.0,386.1611444394286,0.1829597443683631,0.9338000000000004,0.0666666666666666,0.1893649802238932,0.0914030570439743,-0.2988608138151625,18.647369384765625,-1.1061506092950906
energy_constrained,91,-48.80418167884179,120.0,448.7521706646987,0.1847882155724497,0.9334000000000005,0.1833333333333333,0.1956325613127773,0.0841316326597626,-0.4067015139903482,15.900246620178224,
energy_constrained,92,-79.41460501888834,120.0,587.9396790977773,0.1928475154613491,0.9332000000000004,0.45,0.1978622517409877,0.0874997057971147,-0.6617883751574027,23.78057861328125,
energy_constrained,93,-46.39011879960983,120.0,415.8981683462521,0.2172457202418881,0.9319000000000004,0.15,0.1876617375065241,0.0700092342592877,-0.3865843233300821,17.37558937072754,
energy_constrained,94,-30.0392675210394,120.0,307.5685609805267,0.2078787516643534,0.9324000000000002,0.0166666666666666,0.162195986288871,0.0779545318741328,-0.2503272293419951,16.994884490966797,
energy_constrained,95,-46.92155556978215,120.0,384.52123434851785,0.2115250338899508,0.9322000000000004,0.175,0.17201068359345,0.0673267628274272,-0.3910129630815178,10.351969718933104,-1.1061506092950906
energy_constrained,96,-28.993542155198917,120.0,255.96293420791517,0.2087033974276818,0.9320000000000004,0.025,0.1794703538964988,0.0659533133971213,-0.2416128512933243,14.17808437347412,
energy_constrained,97,-29.981584417782404,120.0,285.31004699795267,0.2107382931967211,0.9318000000000004,0.025,0.1614932053356735,0.1069759426305169,-0.2498465368148534,12.974299430847168,
energy_constrained,98,-27.821433211277533,120.0,267.6991699459558,0.2102666778108716,0.9317000000000004,0.0,0.1539351314825536,0.0676982945703654,-0.2318452767606461,14.875082015991213,
energy_constrained,99,-30.26338334263411,120.0,278.4377569690845,0.2180845399163772,0.9312583333333336,0.025,0.1477005152437702,0.108516404444823,-0.2521948611886176,12.785304069519045,
energy_constrained,100,-28.05749099585068,120.0,245.01392653638376,0.2246377923442887,0.9311000000000004,0.0083333333333333,0.1546789354012263,0.0842391721291082,-0.2338124249654223,12.738616943359377,-1.1061506092950906
